product_name,product_url,product_price,product_rating,product_revenue
Thẻ Vinaphone 50K,/Thẻ-Vinaphone-50K-i.330518145.15949422968?sp_atk=8971b567-5771-4730-9c6f-357f5a0c5a96&xptdk=8971b567-5771-4730-9c6f-357f5a0c5a96,52000.0,5,4524000.0
Thẻ cào Viettel 500.000đ Viettel,/Thẻ-cào-Viettel-500.000đ-Viettel-i.126102250.2518729440?sp_atk=943c2b00-f9d7-43b9-8473-8f958c71a645&xptdk=943c2b00-f9d7-43b9-8473-8f958c71a645,492000.0,5,247476000.0
Thẻ cào Zing 20.000 nhận mã thẻ + seri qua chát shopee  - nhanh - chính xác- uy tín,/Thẻ-cào-Zing-20.000-nhận-mã-thẻ-seri-qua-chát-shopee-nhanh-chính-xác-uy-tín-i.983604565.19478869493?sp_atk=fcb91ca0-2316-46ae-b728-a317a7f57519&xptdk=fcb91ca0-2316-46ae-b728-a317a7f57519,21000.0,5,6363000.0
Thẻ cào viettel 500.000 nhận mã thẻ + seri qua chát shopee  - nhanh - chính xác- uy tín,/Thẻ-cào-viettel-500.000-nhận-mã-thẻ-seri-qua-chát-shopee-nhanh-chính-xác-uy-tín-i.983604565.23139508209?sp_atk=f2fabb02-c6c6-4a4d-b6c6-5dd95c1dcccb&xptdk=f2fabb02-c6c6-4a4d-b6c6-5dd95c1dcccb,519600.0,5,130419600.0
Thẻ cào Viettel 200.000đ Chiết Khấu Cao,/Thẻ-cào-Viettel-200.000đ-Chiết-Khấu-Cao-i.126102250.2518718619?sp_atk=e0286fa1-51e1-4b4e-98c3-16a93791ee1a&xptdk=e0286fa1-51e1-4b4e-98c3-16a93791ee1a,199000.0,5,557200000.0
Thẻ cào garena 500.000 nhận mã thẻ + seri qua chát shopee  - nhanh - chính xác- uy tín,/Thẻ-cào-garena-500.000-nhận-mã-thẻ-seri-qua-chát-shopee-nhanh-chính-xác-uy-tín-i.983604565.21178858636?sp_atk=78f61e53-24fc-4e79-beee-7482409b7d02&xptdk=78f61e53-24fc-4e79-beee-7482409b7d02,529000.0,5,46552000.0
Thẻ cào viette 30.000  nhận mã thẻ + seri qua chát shopee  - nhanh - chính xác- uy tín,/Thẻ-cào-viette-30.000-nhận-mã-thẻ-seri-qua-chát-shopee-nhanh-chính-xác-uy-tín-i.983604565.22939507633?sp_atk=23ee45d5-6fea-47bc-9f93-dc643e04bdfa&xptdk=23ee45d5-6fea-47bc-9f93-dc643e04bdfa,31200.0,5,2808000.0
Thẻ cào Vinaphone 10.000 nhận mã thẻ + seri qua chát shopee  - nhanh - chính xác- uy tín,/Thẻ-cào-Vinaphone-10.000-nhận-mã-thẻ-seri-qua-chát-shopee-nhanh-chính-xác-uy-tín-i.983604565.19578743296?sp_atk=57e10865-77ab-4915-b2eb-98cfa06898d5&xptdk=57e10865-77ab-4915-b2eb-98cfa06898d5,10600.0,5,858600.0
Thẻ cào viettel 20.000  nhận mã thẻ + seri qua chát shopee - nhanh - chính xác- uy tín,/Thẻ-cào-viettel-20.000-nhận-mã-thẻ-seri-qua-chát-shopee-nhanh-chính-xác-uy-tín-i.983604565.20878582974?sp_atk=7f7b59ab-c744-4a13-86d0-5f3f6d733769&xptdk=7f7b59ab-c744-4a13-86d0-5f3f6d733769,20800.0,5,11377600.0
Thẻ cào vietnammobile 10.000 nhận mã thẻ + seri qua chát shopee  - nhanh - chính xác- uy tín,/Thẻ-cào-vietnammobile-10.000-nhận-mã-thẻ-seri-qua-chát-shopee-nhanh-chính-xác-uy-tín-i.983604565.22140710059?sp_atk=702d7dc8-463e-4051-84e4-b1cd2f79a229&xptdk=702d7dc8-463e-4051-84e4-b1cd2f79a229,10600.0,5,286200.0
Thẻ cào Zing 10.000 nhận mã thẻ + seri qua chát shopee  - nhanh - chính xác- uy tín,/Thẻ-cào-Zing-10.000-nhận-mã-thẻ-seri-qua-chát-shopee-nhanh-chính-xác-uy-tín-i.983604565.19578870049?sp_atk=bb8d3725-b3e4-4f1b-8d84-291f8eddf2f0&xptdk=bb8d3725-b3e4-4f1b-8d84-291f8eddf2f0,10800.0,5,2764800.0
Thẻ cào garena 200.000 nhận mã thẻ + seri qua chát shopee  - nhanh - chính xác- uy tín,/Thẻ-cào-garena-200.000-nhận-mã-thẻ-seri-qua-chát-shopee-nhanh-chính-xác-uy-tín-i.983604565.23639846710?sp_atk=092395cf-4a19-4705-b54f-a248243e9803&xptdk=092395cf-4a19-4705-b54f-a248243e9803,207900.0,5,19334700.0
Thẻ cào Mobiphone 20.000 nhận mã thẻ + seri qua chát shopee  - nhanh - chính xác- uy tín,/Thẻ-cào-Mobiphone-20.000-nhận-mã-thẻ-seri-qua-chát-shopee-nhanh-chính-xác-uy-tín-i.983604565.19978738014?sp_atk=955470f3-890d-48d5-81e3-c0dfead6f3f5&xptdk=955470f3-890d-48d5-81e3-c0dfead6f3f5,20600.0,5,412000.0
Thẻ nạp Vinaphone 500k,/Thẻ-nạp-Vinaphone-500k-i.330518145.22019282203?sp_atk=117c916d-e4d5-46ec-a2f4-570cc1a4c90e&xptdk=117c916d-e4d5-46ec-a2f4-570cc1a4c90e,520000.0,5,572000000.0
Thẻ cào Zing 500.000 nhận mã thẻ + seri qua chát shopee  - nhanh - chính xác- uy tín,/Thẻ-cào-Zing-500.000-nhận-mã-thẻ-seri-qua-chát-shopee-nhanh-chính-xác-uy-tín-i.983604565.22539840971?sp_atk=c3ae2119-8e2a-42ca-9dd5-bc1ddd97e6c5&xptdk=c3ae2119-8e2a-42ca-9dd5-bc1ddd97e6c5,529000.0,5,24334000.0
Thẻ nạp Mobifone 50.000 ( áp dụng trả trước & trả sau ) không cần otp,/Thẻ-nạp-Mobifone-50.000-(-áp-dụng-trả-trước-trả-sau-)-không-cần-otp-i.983604565.21288456194?sp_atk=731246aa-ea34-43a5-a4c8-b5c6f85be372&xptdk=731246aa-ea34-43a5-a4c8-b5c6f85be372,50000.0,5,350000.0
Thẻ cào Mobiphone 10.000  nhận mã thẻ + seri qua chát shopee  - nhanh - chính xác- uy tín,/Thẻ-cào-Mobiphone-10.000-nhận-mã-thẻ-seri-qua-chát-shopee-nhanh-chính-xác-uy-tín-i.983604565.23939517018?sp_atk=8ff08cc8-5011-45c2-9415-32acd4056c4f&xptdk=8ff08cc8-5011-45c2-9415-32acd4056c4f,10600.0,5,360400.0
Thẻ cào viettel 200.000 nhận mã thẻ + seri qua chát shopee  - nhanh - chính xác- uy tín,/Thẻ-cào-viettel-200.000-nhận-mã-thẻ-seri-qua-chát-shopee-nhanh-chính-xác-uy-tín-i.983604565.23939506267?sp_atk=f08c4a13-3514-4ae2-9256-b3700a1f59aa&xptdk=f08c4a13-3514-4ae2-9256-b3700a1f59aa,207900.0,5,34719300.0
Thẻ cào Vinaphone 20.000 nhận mã thẻ + seri qua chát shopee  - nhanh - chính xác- uy tín,/Thẻ-cào-Vinaphone-20.000-nhận-mã-thẻ-seri-qua-chát-shopee-nhanh-chính-xác-uy-tín-i.983604565.23639511547?sp_atk=42f8ca04-7bf6-4dff-ad2c-ce4b330b62ba&xptdk=42f8ca04-7bf6-4dff-ad2c-ce4b330b62ba,20600.0,5,3110600.0
Thẻ cào viettel 1.000.000  nhận mã thẻ + seri qua chát shopee  - nhanh - chính xác- uy tín,/Thẻ-cào-viettel-1.000.000-nhận-mã-thẻ-seri-qua-chát-shopee-nhanh-chính-xác-uy-tín-i.983604565.23639506905?sp_atk=659ff0f0-b547-489c-bcbb-34dc6f141421&xptdk=659ff0f0-b547-489c-bcbb-34dc6f141421,1089000.0,5,270072000.0
Thẻ cào garena 100.000 nhận mã thẻ + seri qua chát shopee  - nhanh - chính xác- uy tín,/Thẻ-cào-garena-100.000-nhận-mã-thẻ-seri-qua-chát-shopee-nhanh-chính-xác-uy-tín-i.983604565.20578859137?sp_atk=da17300d-ddb0-429e-bc15-bb77b55dd3fe&xptdk=da17300d-ddb0-429e-bc15-bb77b55dd3fe,106000.0,5,18020000.0
Thẻ cào Vinaphone 100k nhận mã thẻ + seri qua chát shopee  - nhanh - chính xác- uy tín,/Thẻ-cào-Vinaphone-100k-nhận-mã-thẻ-seri-qua-chát-shopee-nhanh-chính-xác-uy-tín-i.983604565.19478747863?sp_atk=a9c70544-6a1b-4c65-96e8-08f9dc004b81&xptdk=a9c70544-6a1b-4c65-96e8-08f9dc004b81,103900.0,5,1974100.0
Thẻ cào Zing 100.000 nhận mã thẻ + seri qua chát shopee  - nhanh - chính xác- uy tín,/Thẻ-cào-Zing-100.000-nhận-mã-thẻ-seri-qua-chát-shopee-nhanh-chính-xác-uy-tín-i.983604565.22139841777?sp_atk=a29a5b52-0c4f-49ae-83a5-9dda7f02a1cf&xptdk=a29a5b52-0c4f-49ae-83a5-9dda7f02a1cf,106000.0,5,4240000.0
Thẻ cào Zing 200.000 nhận mã thẻ + seri qua chát shopee  - nhanh - chính xác- uy tín,/Thẻ-cào-Zing-200.000-nhận-mã-thẻ-seri-qua-chát-shopee-nhanh-chính-xác-uy-tín-i.983604565.16494317294?sp_atk=681070df-1990-4eba-99a1-a91bdc02af46&xptdk=681070df-1990-4eba-99a1-a91bdc02af46,207900.0,5,3950100.0
Thẻ cào viettel 100.000  nhận mã thẻ + seri qua chát shopee  - nhanh - chính xác- uy tín,/Thẻ-cào-viettel-100.000-nhận-mã-thẻ-seri-qua-chát-shopee-nhanh-chính-xác-uy-tín-i.983604565.23739501202?sp_atk=7e058e25-0ca7-488b-90b1-c0c862bab603&xptdk=7e058e25-0ca7-488b-90b1-c0c862bab603,103900.0,5,40728800.0
"Đai đi xe máy cho bé DODOTO chất lượng cao, dày dặn, có túi",/Đai-đi-xe-máy-cho-bé-DODOTO-chất-lượng-cao-dày-dặn-có-túi-i.411425588.9349032229?sp_atk=0fb564d2-4cd2-4ce6-9f1f-071d6fde826d&xptdk=0fb564d2-4cd2-4ce6-9f1f-071d6fde826d,77000.0,5,207900000.0
Silicon Ốp Điện Thoại tpu silicon Mềm Chống Sốc Cho iphone 15 14 13 12 11 pro promax 6 6s 7 8 plus x xr xsmax se,/Silicon-Ốp-Điện-Thoại-tpu-silicon-Mềm-Chống-Sốc-Cho-iphone-15-14-13-12-11-pro-promax-6-6s-7-8-plus-x-xr-xsmax-se-i.738752794.19238878576?sp_atk=943e93e6-11c8-475a-b2fb-45b583f74795&xptdk=943e93e6-11c8-475a-b2fb-45b583f74795,23499.5,5,267894300.0
Kính cường lực nhũ kim tuyến bảo vệ Camera 15 Pro Max 14 13/13pro/13 pro max 11/11Pro/11 Pro max/12/12 Pro/12 Pro Max,/Kính-cường-lực-nhũ-kim-tuyến-bảo-vệ-Camera-15-Pro-Max-14-13-13pro-13-pro-max-11-11Pro-11-Pro-max-12-12-Pro-12-Pro-Max-i.452200291.17701438002?sp_atk=eef0a201-ae61-4d9d-8197-3a4ba6da58ac&xptdk=eef0a201-ae61-4d9d-8197-3a4ba6da58ac,4996.0,5,437649600.0
"Vớ Tất Cổ Cao Nam Nữ Trắng Đen, Tất Cổ Cao Nam Nữ Sốp Vicenzo Hai Màu Đen Trắng Trơn Và Phối Xx",/Vớ-Tất-Cổ-Cao-Nam-Nữ-Trắng-Đen-Tất-Cổ-Cao-Nam-Nữ-Sốp-Vicenzo-Hai-Màu-Đen-Trắng-Trơn-Và-Phối-Xx-i.279899189.12212537054?sp_atk=99627b4f-b9b4-47c6-a370-d9277a34d8e6&xptdk=99627b4f-b9b4-47c6-a370-d9277a34d8e6,8200.0,5,615000000.0
Áo Sơ Mi Nam Dài Tay Cổ Bẻ Form Rộng Thời Trang Hàn,/Áo-Sơ-Mi-Nam-Dài-Tay-Cổ-Bẻ-Form-Rộng-Thời-Trang-Hàn-i.619008111.20539725608?sp_atk=a6c48002-2365-41a0-a749-d8c63107d0d1&xptdk=a6c48002-2365-41a0-a749-d8c63107d0d1,165000.0,5,1056000000.0
Ốp Điện Thoại Mềm Chống Sốc In Hình Quái Vật Cho iphone 11 14 promax 14 pro 14 plus 12 13 / 6 / 7 / 8plus / x max / 15promax,/Ốp-Điện-Thoại-Mềm-Chống-Sốc-In-Hình-Quái-Vật-Cho-iphone-11-14-promax-14-pro-14-plus-12-13-6-7-8plus-x-max-15promax-i.196711331.14094155523?sp_atk=907a0d70-08e1-40c3-82f2-4a67d29a0fac&xptdk=907a0d70-08e1-40c3-82f2-4a67d29a0fac,22000.0,5,244200000.0
"Dép lê nữ nam quai ngang C chữ nổi 3D thời trang, nhẹ, êm chân,bền đẹp",/Dép-lê-nữ-nam-quai-ngang-C-chữ-nổi-3D-thời-trang-nhẹ-êm-chân-bền-đẹp-i.858534188.19854674929?sp_atk=b56442a3-4e6c-43fa-85fb-78c0ebb2bf12&xptdk=b56442a3-4e6c-43fa-85fb-78c0ebb2bf12,129000.0,5,2347800000.0
Cường lực Baiko Full màn Samsung A13 A23 A03 A04s A04e A14 A02 A12 A03s A02s A32 M23 A52 S20 S21 Fe A20 A30 A50 A90 5g,/Cường-lực-Baiko-Full-màn-Samsung-A13-A23-A03-A04s-A04e-A14-A02-A12-A03s-A02s-A32-M23-A52-S20-S21-Fe-A20-A30-A50-A90-5g-i.13928634.18428978340?sp_atk=e79b45a7-80c5-4c05-9999-8d2951ae6fd0&xptdk=e79b45a7-80c5-4c05-9999-8d2951ae6fd0,9750.0,5,245700000.0
"Kệ Để Giày Dép Đa Năng Dễ Tháo Lắp 5,6 Tầng Hot 2022, Kệ Trang Trí Decor Chữ X Hiện Đại Chất Liệu Nhựa PVC Cao Cấp",/Kệ-Để-Giày-Dép-Đa-Năng-Dễ-Tháo-Lắp-5-6-Tầng-Hot-2022-Kệ-Trang-Trí-Decor-Chữ-X-Hiện-Đại-Chất-Liệu-Nhựa-PVC-Cao-Cấp-i.292615426.21051664011?sp_atk=9ab3e5fb-611c-4014-b132-c61e5a8b5c34&xptdk=9ab3e5fb-611c-4014-b132-c61e5a8b5c34,26800.0,5,675360000.0
Ốp Điện Thoại Cho samsung galaxy a04 a03s a14 a13 a22 a23 a24 a20s a30s a31 a32 a33 a34 a50s a51 a52s a53 a54 a70 a71 a72 a73,/Ốp-Điện-Thoại-Cho-samsung-galaxy-a04-a03s-a14-a13-a22-a23-a24-a20s-a30s-a31-a32-a33-a34-a50s-a51-a52s-a53-a54-a70-a71-a72-a73-i.474512786.20369394973?sp_atk=65b4d069-1699-428e-9589-09fbf13e8e4c&xptdk=65b4d069-1699-428e-9589-09fbf13e8e4c,18250.0,5,114975000.0
"Thẻ nhớ Micro SD 32G/64G/16G/128G/8G/4G/2G - tốc độ cao chuyện dụng cho Camera, Smartphone, loa đài, BH 2 năm 1 đổi 1",/Thẻ-nhớ-Micro-SD-32G-64G-16G-128G-8G-4G-2G-tốc-độ-cao-chuyện-dụng-cho-Camera-Smartphone-loa-đài-BH-2-năm-1-đổi-1-i.259348045.3837744606?sp_atk=d42dc1c1-2a15-44a5-89a3-d09279e3390e&xptdk=d42dc1c1-2a15-44a5-89a3-d09279e3390e,70500.0,5,2368800000.0
Áo Khoác Thun Lạnh Chống Nắng Màu Trắng Viền Đen Thể Thao Chất Vải Mịn Thoáng Khí Không Xù Lông Áo Khoác Thu Đông,/Áo-Khoác-Thun-Lạnh-Chống-Nắng-Màu-Trắng-Viền-Đen-Thể-Thao-Chất-Vải-Mịn-Thoáng-Khí-Không-Xù-Lông-Áo-Khoác-Thu-Đông-i.321258581.14486825868?sp_atk=c789b790-df0c-4baf-b668-8d5ddcec84e3&xptdk=c789b790-df0c-4baf-b668-8d5ddcec84e3,168000.0,5,1310400000.0
"Tấm Nhựa Lót Sàn Ban Công SIENNA- Chuyên dụng cho sàn ban công, nhà tắm, bể bơi, sân vườn, trang trí quán cafe",/Tấm-Nhựa-Lót-Sàn-Ban-Công-SIENNA-Chuyên-dụng-cho-sàn-ban-công-nhà-tắm-bể-bơi-sân-vườn-trang-trí-quán-cafe-i.376263769.8562725287?sp_atk=c89ef1cc-a932-464d-88c4-65f48d1fd386&xptdk=c89ef1cc-a932-464d-88c4-65f48d1fd386,8450.0,5,293215000.0
"Mô hình lắp ráp đồ chơi Mini Doraemon, bearbrick, one Piece, gấu dâu đồ chơi cho bé 6 tuổi trở lên Cute -Minkey",/Mô-hình-lắp-ráp-đồ-chơi-Mini-Doraemon-bearbrick-one-Piece-gấu-dâu-đồ-chơi-cho-bé-6-tuổi-trở-lên-Cute-Minkey-i.286792753.18851726766?sp_atk=28bb8cc6-7eb2-48dc-b50d-c18e2d76278e&xptdk=28bb8cc6-7eb2-48dc-b50d-c18e2d76278e,28825.0,5,426610000.0
ốp lưng Mạ Mờ Thẳng Cạnh Vuông Mỏng vì iPhone 7 8 Plus 6 6s Plus X XS MAX XR Nắp chống sốc TPU mềm Case,/ốp-lưng-Mạ-Mờ-Thẳng-Cạnh-Vuông-Mỏng-vì-iPhone-7-8-Plus-6-6s-Plus-X-XS-MAX-XR-Nắp-chống-sốc-TPU-mềm-Case-i.759219127.13390520449?sp_atk=5dc6b8df-746f-4a8d-a01e-5ab1e367d160&xptdk=5dc6b8df-746f-4a8d-a01e-5ab1e367d160,32500.0,5,507000000.0
"Miếng lót chuột máy tính cỡ to hoạt hình - Thảm lót tay trải bàn học, bàn làm việc decor nhiều hình cute nhựa PVC",/Miếng-lót-chuột-máy-tính-cỡ-to-hoạt-hình-Thảm-lót-tay-trải-bàn-học-bàn-làm-việc-decor-nhiều-hình-cute-nhựa-PVC-i.447663871.18768178905?sp_atk=b055af98-4dee-4501-a320-c530ad5d28b8&xptdk=b055af98-4dee-4501-a320-c530ad5d28b8,49000.0,5,5782000.0
Ổ Cứng HDD Máy tính PC LAPTOP Sức khỏe GOOD 80G đến 500G,/Ổ-Cứng-HDD-Máy-tính-PC-LAPTOP-Sức-khỏe-GOOD-80G-đến-500G-i.78704495.3203589320?sp_atk=d52784eb-33e0-4e7b-9684-51dde3ec7920&xptdk=d52784eb-33e0-4e7b-9684-51dde3ec7920,107500.0,5,107500000.0
áo Chó Áo Bóng Rổ Thoáng Khí Cho Thú Cưng Áo Cho Chó,/áo-Chó-Áo-Bóng-Rổ-Thoáng-Khí-Cho-Thú-Cưng-Áo-Cho-Chó-i.280193565.17580482480?sp_atk=51273940-7abd-421b-bd81-e280f55277cb&xptdk=51273940-7abd-421b-bd81-e280f55277cb,18900.0,5,154980000.0
"Ốp lưng trong suốt Cao Cấp không ố chống xước tuyệt đối IP 13 promax 12 12pro 12promax,11 promax 14 promax",/Ốp-lưng-trong-suốt-Cao-Cấp-không-ố-chống-xước-tuyệt-đối-IP-13-promax-12-12pro-12promax-11-promax-14-promax-i.439045417.19152643862?sp_atk=8c297590-4c30-444c-992e-c8473f1176e7&xptdk=8c297590-4c30-444c-992e-c8473f1176e7,26000.0,5,1271400000.0
"Gương để bàn trang điểm, Gương Để Bàn To đứng được, gương soi mặt, kính để bàn, Gương soi được 2 chiều 2 mặt kính",/Gương-để-bàn-trang-điểm-Gương-Để-Bàn-To-đứng-được-gương-soi-mặt-kính-để-bàn-Gương-soi-được-2-chiều-2-mặt-kính-i.22018518.2115755495?sp_atk=f36990bf-a9bd-4579-938e-73e140618b4d&xptdk=f36990bf-a9bd-4579-938e-73e140618b4d,42500.0,5,765000000.0
"Áo Sơ Mi Nữ Form Rộng Dài Tay Cotton Lụa Hàn Unisex Màu Trắng Đen Đi Học, Đi Làm, Văn Phòng, Công sở Cực Xinh 539",/Áo-Sơ-Mi-Nữ-Form-Rộng-Dài-Tay-Cotton-Lụa-Hàn-Unisex-Màu-Trắng-Đen-Đi-Học-Đi-Làm-Văn-Phòng-Công-sở-Cực-Xinh-539-i.6262159.16084038377?sp_atk=5bdb4a7d-b68a-4a14-a6fc-c5063b4d4ea5&xptdk=5bdb4a7d-b68a-4a14-a6fc-c5063b4d4ea5,85500.0,5,2590650000.0
Cường lực Baiko Realme 6 7 8 9 9i Pro Realme C11 C21-Y C25Y C30s C33 C35 GT Neo 2 Pro 2T 3 Q3s Q3 Q3i Pro Q2 Q5 5G 10,/Cường-lực-Baiko-Realme-6-7-8-9-9i-Pro-Realme-C11-C21-Y-C25Y-C30s-C33-C35-GT-Neo-2-Pro-2T-3-Q3s-Q3-Q3i-Pro-Q2-Q5-5G-10-i.304920136.6770557030?sp_atk=a4a94c54-75bb-4e43-8f18-8a25b12642cd&xptdk=a4a94c54-75bb-4e43-8f18-8a25b12642cd,10300.0,5,207030000.0
Ốp Điện Thoại Mềm Họa Tiết Hoạt Hình Cho iphone 15 14 13 12 11 pro x xr xs max se 2020 6 6s 7 8 plus,/Ốp-Điện-Thoại-Mềm-Họa-Tiết-Hoạt-Hình-Cho-iphone-15-14-13-12-11-pro-x-xr-xs-max-se-2020-6-6s-7-8-plus-i.474512786.20468413076?sp_atk=6309a18a-c07f-498e-99f2-631de429638a&xptdk=6309a18a-c07f-498e-99f2-631de429638a,18250.0,5,144175000.0
Dép sục nữ croos siêu nhẹ hình hà mã hàng tuyển chọn,/Dép-sục-nữ-croos-siêu-nhẹ-hình-hà-mã-hàng-tuyển-chọn-i.11767251.22310143944?sp_atk=c1c27bc7-bbb1-4e09-bab6-f0a5eb636d51&xptdk=c1c27bc7-bbb1-4e09-bab6-f0a5eb636d51,60000.0,5,306000000.0
Dép nam quai ngang độn đế thời trang LA Cao Cấp - Dép nam đế cao bản mới chống trơn trượt,/Dép-nam-quai-ngang-độn-đế-thời-trang-LA-Cao-Cấp-Dép-nam-đế-cao-bản-mới-chống-trơn-trượt-i.60833509.17214120280?sp_atk=c8b7cab7-f115-405a-aa71-3e1b2b04f764&xptdk=c8b7cab7-f115-405a-aa71-3e1b2b04f764,59000.0,5,2861500000.0
"Ghế Ngồi Xe Đạp Cho Bé, Ghế Xe Đạp Trẻ Em Nhựa Việt Nhật Chính Hãng Mẫu Mới 2021",/Ghế-Ngồi-Xe-Đạp-Cho-Bé-Ghế-Xe-Đạp-Trẻ-Em-Nhựa-Việt-Nhật-Chính-Hãng-Mẫu-Mới-2021-i.374320775.13439668544?sp_atk=545ef613-d4d3-4d76-97cf-4bdf66491776&xptdk=545ef613-d4d3-4d76-97cf-4bdf66491776,145000.0,5,11310000.0
Ốp Điện Thoại Cho oppo a98 a96 a95 a94 a93 a92 a91 a79 a78 a77s a76 a74 a57 a55 a54 a53 a38 a18 a33 a52 a31 a17 a16k a15s,/Ốp-Điện-Thoại-Cho-oppo-a98-a96-a95-a94-a93-a92-a91-a79-a78-a77s-a76-a74-a57-a55-a54-a53-a38-a18-a33-a52-a31-a17-a16k-a15s-i.474512786.19069396015?sp_atk=cafdd56a-9836-439f-9203-0d7906946d4e&xptdk=cafdd56a-9836-439f-9203-0d7906946d4e,18250.0,5,87600000.0
Chất Lượng Cao Nắp dán đính đá bảo vệ ống kính camera cho iPhone 15 Pro Max 11 12 13 14 Pro Max Mini Plus,/Chất-Lượng-Cao-Nắp-dán-đính-đá-bảo-vệ-ống-kính-camera-cho-iPhone-15-Pro-Max-11-12-13-14-Pro-Max-Mini-Plus-i.860987423.19146662210?sp_atk=aa9e83a5-d4df-48d4-9c49-fae98fdfc239&xptdk=aa9e83a5-d4df-48d4-9c49-fae98fdfc239,3650.0,5,66065000.0
Kính Cường Lực KingKong Chống Nhìn Trộm Dành Cho iphone 7Plus/8Plus/X/Xs Max/11 Pro Max/12 Pro Max/13/13 Pro/13 Pro Max,/Kính-Cường-Lực-KingKong-Chống-Nhìn-Trộm-Dành-Cho-iphone-7Plus-8Plus-X-Xs-Max-11-Pro-Max-12-Pro-Max-13-13-Pro-13-Pro-Max-i.136436271.2671433268?sp_atk=fa0bc6f6-97a5-4107-a195-0654559dd1df&xptdk=fa0bc6f6-97a5-4107-a195-0654559dd1df,64500.0,5,4792350000.0
Miếng Lót Chuột Máy Tính Chống Trượt Hình Gấu Dâu Tây Dễ Thương,/Miếng-Lót-Chuột-Máy-Tính-Chống-Trượt-Hình-Gấu-Dâu-Tây-Dễ-Thương-i.426964114.18573950409?sp_atk=d6fd1f50-8fa5-4c51-a70d-a7cbfc622100&xptdk=d6fd1f50-8fa5-4c51-a70d-a7cbfc622100,25350.0,5,136890000.0
Sang Trọng Ốp Điện Thoại Viền Lượn Sóng Màu Trơn Chống Sốc Cho iphone 15 11 12 13 pro max x xs max 7 8 plus xr 7plus 8plus,/Sang-Trọng-Ốp-Điện-Thoại-Viền-Lượn-Sóng-Màu-Trơn-Chống-Sốc-Cho-iphone-15-11-12-13-pro-max-x-xs-max-7-8-plus-xr-7plus-8plus-i.235611104.21539812235?sp_atk=46ea58de-1d5e-4776-b2be-d41bc112090c&xptdk=46ea58de-1d5e-4776-b2be-d41bc112090c,12450.0,5,141930000.0
"Găng Tay Tập Gym, Bao Tay Tập Tạ Thể Hình Thể Thao Xà Đơn Nam Nữ Có Đai Cuốn Cao Cấp Aolikes AL109",/Găng-Tay-Tập-Gym-Bao-Tay-Tập-Tạ-Thể-Hình-Thể-Thao-Xà-Đơn-Nam-Nữ-Có-Đai-Cuốn-Cao-Cấp-Aolikes-AL109-i.239077327.7453577642?sp_atk=51abafd9-1e52-4888-9f24-28a15863992a&xptdk=51abafd9-1e52-4888-9f24-28a15863992a,109000.0,5,46434000.0
Ổ cứng laptop HDD 500Gb 640Gb 750Gb 1TB Bảo hành 1T,/Ổ-cứng-laptop-HDD-500Gb-640Gb-750Gb-1TB-Bảo-hành-1T-i.298544841.18049524961?sp_atk=3f27ae71-ec98-4438-b4ac-8493bef1b526&xptdk=3f27ae71-ec98-4438-b4ac-8493bef1b526,240000.0,5,19440000.0
Quần sịp nam ICON Demin cao cấp chất thun lạnh đẹp quần lót nam đùi mềm mại co dãn 4 chiều,/Quần-sịp-nam-ICON-Demin-cao-cấp-chất-thun-lạnh-đẹp-quần-lót-nam-đùi-mềm-mại-co-dãn-4-chiều-i.429838377.16613315824?sp_atk=04f78050-53ba-4564-b52b-06d071229ce2&xptdk=04f78050-53ba-4564-b52b-06d071229ce2,41300.0,5,751660000.0
Kính cường lực iphone viền kim tuyến bảo vệ mắt Camera 7plus/8/8plus/plus/x//xs/11/12/13/14/pro/max/ Ốp lưng Awifi F5-9,/Kính-cường-lực-iphone-viền-kim-tuyến-bảo-vệ-mắt-Camera-7plus-8-8plus-plus-x-xs-11-12-13-14-pro-max-Ốp-lưng-Awifi-F5-9-i.7669738.18765125155?sp_atk=0657113c-a7f2-4676-8982-d79da064aefe&xptdk=0657113c-a7f2-4676-8982-d79da064aefe,8850.0,5,496485000.0
Ốp lưng iphone gấu sóng happy pooh 6/6plus/6s/6splus/7/7plus/8/8plus/x/xs/11/12/13/14/pro/max/promax/plus/shin/case,/Ốp-lưng-iphone-gấu-sóng-happy-pooh-6-6plus-6s-6splus-7-7plus-8-8plus-x-xs-11-12-13-14-pro-max-promax-plus-shin-case-i.89827191.18273543373?sp_atk=28334af8-b198-42c5-957a-7f797c2d178a&xptdk=28334af8-b198-42c5-957a-7f797c2d178a,16450.0,5,100345000.0
Free Ship -1 thùng 300 cái khẩu trang 4 lớp Kf94 TN Mask 4d Hàn Quốc chống bụi mịn và kháng khuẩn cực tốt,/Free-Ship-1-thùng-300-cái-khẩu-trang-4-lớp-Kf94-TN-Mask-4d-Hàn-Quốc-chống-bụi-mịn-và-kháng-khuẩn-cực-tốt-i.78244347.16621453967?sp_atk=49ffbfca-d05f-44e9-9c21-c3a229549640&xptdk=49ffbfca-d05f-44e9-9c21-c3a229549640,67500.0,5,5224500000.0
yên sirius gọt 2 tầng mút vàng,/yên-sirius-gọt-2-tầng-mút-vàng-i.167796367.6255244129?sp_atk=d78b04a9-cb7a-43fc-92dd-2872d8344c12&xptdk=d78b04a9-cb7a-43fc-92dd-2872d8344c12,361000.0,5,127072000.0
Đầu Mài Sứ Dũa Phá Móng Tay Tiện Lợi,/Đầu-Mài-Sứ-Dũa-Phá-Móng-Tay-Tiện-Lợi-i.369725560.19526447279?sp_atk=95f6ab88-4dfb-4ab5-883f-3d75ed49097e&xptdk=95f6ab88-4dfb-4ab5-883f-3d75ed49097e,12320.0,5,134288000.0
Ốp Điện Thoại Mềm Chống Sốc In Hình Hoa Cho iPhone 15 14 13 12 11 Pro Max SE2020 X XR Xs Max 7 8 6 6s Plus,/Ốp-Điện-Thoại-Mềm-Chống-Sốc-In-Hình-Hoa-Cho-iPhone-15-14-13-12-11-Pro-Max-SE2020-X-XR-Xs-Max-7-8-6-6s-Plus-i.116916276.20765669162?sp_atk=2b34498c-e57d-416a-a53c-75eb78968491&xptdk=2b34498c-e57d-416a-a53c-75eb78968491,15950.0,5,100485000.0
Kính cường lực iphone baiko cứng full 6/6plus/6splus/7/7plus/8/8plus/x/xr/xs/11/12/13/14/15/promax/Ốp lưng Awifi D4-9,/Kính-cường-lực-iphone-baiko-cứng-full-6-6plus-6splus-7-7plus-8-8plus-x-xr-xs-11-12-13-14-15-promax-Ốp-lưng-Awifi-D4-9-i.7669738.21240653463?sp_atk=d9f28f2b-14bb-4608-9598-60246b49e90a&xptdk=d9f28f2b-14bb-4608-9598-60246b49e90a,9300.0,5,1040670000.0
Tấm Lót Chuột Gấu Dâu Lotso Khổ Lớn Chống Trượt Nhiều Mẫu,/Tấm-Lót-Chuột-Gấu-Dâu-Lotso-Khổ-Lớn-Chống-Trượt-Nhiều-Mẫu-i.151223364.18158744705?sp_atk=c6cd88f2-fb59-4492-8e02-1bf168559467&xptdk=c6cd88f2-fb59-4492-8e02-1bf168559467,62000.0,5,142600000.0
"Bóng bóp cao su thổi bụi máy tính bàn phím, thổi khô mi (Giao Màu Ngẫu Nhiên)",/Bóng-bóp-cao-su-thổi-bụi-máy-tính-bàn-phím-thổi-khô-mi-(Giao-Màu-Ngẫu-Nhiên)-i.139062587.3868945997?sp_atk=e21d1720-ea4f-4eb2-a9cd-95018e38a5d3&xptdk=e21d1720-ea4f-4eb2-a9cd-95018e38a5d3,13000.0,5,9906000.0
"Áo Polo Basic From Rộng Tay Lỡ Unisex, Áo Polo Nam Phối Sọc Trắng Chỉ Nổi Chất Dày Dặn Thoáng Mát",/Áo-Polo-Basic-From-Rộng-Tay-Lỡ-Unisex-Áo-Polo-Nam-Phối-Sọc-Trắng-Chỉ-Nổi-Chất-Dày-Dặn-Thoáng-Mát-i.689070828.18317518608?sp_atk=08f31e16-5846-42f7-b7ab-8e72ad3fb09f&xptdk=08f31e16-5846-42f7-b7ab-8e72ad3fb09f,109000.0,5,2332600000.0
Đầu Lọc Nối Dài Vòi Nước Góc Rộng 1080 Độ Tiện Dụng Cho Nhà Bếp / Phòng Tắm,/Đầu-Lọc-Nối-Dài-Vòi-Nước-Góc-Rộng-1080-Độ-Tiện-Dụng-Cho-Nhà-Bếp-Phòng-Tắm-i.348234530.18454661187?sp_atk=1eb1754c-9c40-49a6-999d-02eb435fca21&xptdk=1eb1754c-9c40-49a6-999d-02eb435fca21,41800.0,5,16678200.0
Ốp Điện Thoại Mềm Họa Tiết Cô Gái 3D Dễ Thương Cho iPhone 7Plus 8Plus XR 11 12 13 14 Pro MAX 6 6S 14 Plus X XS MAX SE 2020,/Ốp-Điện-Thoại-Mềm-Họa-Tiết-Cô-Gái-3D-Dễ-Thương-Cho-iPhone-7Plus-8Plus-XR-11-12-13-14-Pro-MAX-6-6S-14-Plus-X-XS-MAX-SE-2020-i.235610822.19063779365?sp_atk=6b661170-cfd9-4746-8fc9-5914a242969e&xptdk=6b661170-cfd9-4746-8fc9-5914a242969e,16250.0,5,84500000.0
Kính Cường Lực iphone KingKong Chống Vân Tay 6/6s/6plus/6splus/7/8/7plus/8plus/x/xs/xsmax/11/12/13/14/pro/promax - ORIO,/Kính-Cường-Lực-iphone-KingKong-Chống-Vân-Tay-6-6s-6plus-6splus-7-8-7plus-8plus-x-xs-xsmax-11-12-13-14-pro-promax-ORIO-i.114105379.3912487872?sp_atk=fe239580-442f-4bfb-8c76-2bc2692d6660&xptdk=fe239580-442f-4bfb-8c76-2bc2692d6660,58500.0,5,2123550000.0
"Dép Nam Nữ Quai Ngang LV đen hàng thủ công, đi thoáng mát không hôi chân NINSHOP",/Dép-Nam-Nữ-Quai-Ngang-LV-đen-hàng-thủ-công-đi-thoáng-mát-không-hôi-chân-NINSHOP-i.58158632.17517225705?sp_atk=0e42764f-3eed-491c-b937-a4bd8db160c4&xptdk=0e42764f-3eed-491c-b937-a4bd8db160c4,56700.0,5,317520000.0
Camera Wifi 3 Râu Việt Star Quốc Tế Phân Giải 2.0 Mxp Hàng Chính Hãng Bảo Hành 12 Tháng,/Camera-Wifi-3-Râu-Việt-Star-Quốc-Tế-Phân-Giải-2.0-Mxp-Hàng-Chính-Hãng-Bảo-Hành-12-Tháng-i.144994852.7905893569?sp_atk=8a143ed6-f89a-47bd-b607-2ffb117d26b5&xptdk=8a143ed6-f89a-47bd-b607-2ffb117d26b5,578500.0,5,1099150000.0
IPhone 14 13 12 11 Pro Max X XR Xs Max 8 7 6 6s Plus SE 2020Ốp Điện Thoại Mềm Trong Suốt Hình Que Kem Cho,/IPhone-14-13-12-11-Pro-Max-X-XR-Xs-Max-8-7-6-6s-Plus-SE-2020Ốp-Điện-Thoại-Mềm-Trong-Suốt-Hình-Que-Kem-Cho-i.218101124.12096225116?sp_atk=3e6d4cdb-95c1-4bda-9dd2-10e153278624&xptdk=3e6d4cdb-95c1-4bda-9dd2-10e153278624,11950.0,5,160130000.0
Dây Cáp Sạc Cho Điện Thoại Iphone Phụ Kiện ốp Tai Nghe Bluetooth Cáp Sạc Pin Dự Phòng  - Shin Case,/Dây-Cáp-Sạc-Cho-Điện-Thoại-Iphone-Phụ-Kiện-ốp-Tai-Nghe-Bluetooth-Cáp-Sạc-Pin-Dự-Phòng-Shin-Case-i.89827191.12609768204?sp_atk=53db0ae6-c2ce-4ffd-8460-771559f43209&xptdk=53db0ae6-c2ce-4ffd-8460-771559f43209,19000.0,5,965200000.0
Yên gọt 2 tầng cho Fu1 Fu2 FuX FuNeo kèm da co giãn 4 chiều đa dạng kiểu lựa chọn,/Yên-gọt-2-tầng-cho-Fu1-Fu2-FuX-FuNeo-kèm-da-co-giãn-4-chiều-đa-dạng-kiểu-lựa-chọn-i.115055037.8678797655?sp_atk=01b36075-1de3-43f4-a534-cb1793fe666b&xptdk=01b36075-1de3-43f4-a534-cb1793fe666b,261500.0,5,10198500.0
Switch Gateron Milky Yellow Pro Switch 5 PIN Switch dùng cho bàn phím cơ,/Switch-Gateron-Milky-Yellow-Pro-Switch-5-PIN-Switch-dùng-cho-bàn-phím-cơ-i.234040784.11496240910?sp_atk=647903fe-29f7-4266-9e28-1b17debfee72&xptdk=647903fe-29f7-4266-9e28-1b17debfee72,3333.0,5,428290500.0
Ốp Điện Thoại TPU Họa Tiết Khủng Long Cho iPhone 14 14Pro MAX 11Pro 11Promax 12 12Pro 12Promax 13Pro MAX X XR Xsmax 6 6S 7 8Plus Se2020,/Ốp-Điện-Thoại-TPU-Họa-Tiết-Khủng-Long-Cho-iPhone-14-14Pro-MAX-11Pro-11Promax-12-12Pro-12Promax-13Pro-MAX-X-XR-Xsmax-6-6S-7-8Plus-Se2020-i.86623834.22302433045?sp_atk=6d248501-8468-4761-823d-c4177be4edb7&xptdk=6d248501-8468-4761-823d-c4177be4edb7,15400.0,5,106260000.0
[ Miễn Phí Ship ] Máy Phun Sơn Cao Cấp Cầm Tay - Công suất 400W - S.úng Phun Sơn - Dùng điện 220V - Bình 800ML Siêu Bền,/-Miễn-Phí-Ship-Máy-Phun-Sơn-Cao-Cấp-Cầm-Tay-Công-suất-400W-S.úng-Phun-Sơn-Dùng-điện-220V-Bình-800ML-Siêu-Bền-i.205221445.16066617402?sp_atk=c24820c5-5542-47cf-9903-05633f84a759&xptdk=c24820c5-5542-47cf-9903-05633f84a759,295000.0,5,284675000.0
"Nón bảo hiểm lưỡi trai VESPA viền da cao cấp, nhiều màu. Mũ bảo hiểm thể thao kết cho nam nữ, khoét lổ buộc tóc.",/Nón-bảo-hiểm-lưỡi-trai-VESPA-viền-da-cao-cấp-nhiều-màu.-Mũ-bảo-hiểm-thể-thao-kết-cho-nam-nữ-khoét-lổ-buộc-tóc.-i.61157669.13424479309?sp_atk=a6ae40c7-e260-40d8-9946-9277e691ad87&xptdk=a6ae40c7-e260-40d8-9946-9277e691ad87,79999.0,5,543993200.0
Ổ Cứng HDD 3.5inch 2TB | 3TB | 4TB Hitachi hard disk SATA Hard Drive,/Ổ-Cứng-HDD-3.5inch-2TB-3TB-4TB-Hitachi-hard-disk-SATA-Hard-Drive-i.765817111.13291771446?sp_atk=7308154a-9e27-4331-9f31-511eafc11cac&xptdk=7308154a-9e27-4331-9f31-511eafc11cac,945000.0,5,332640000.0
(Giá Sốc) Da yên Thái Chữ Thêu cao cấp dành cho xe số Exciter Winner Dream Wave,/(Giá-Sốc)-Da-yên-Thái-Chữ-Thêu-cao-cấp-dành-cho-xe-số-Exciter-Winner-Dream-Wave-i.179904488.14619734260?sp_atk=38f3cc35-4d80-4c0d-86b7-de88cd4e2714&xptdk=38f3cc35-4d80-4c0d-86b7-de88cd4e2714,42417.0,5,216326700.0
Móc khóa thỏ kiểu dáng phi hành gia cute,/Móc-khóa-thỏ-kiểu-dáng-phi-hành-gia-cute-i.255447711.21263538021?sp_atk=19e6f31e-b7bf-4173-9892-6bd4d53055b0&xptdk=19e6f31e-b7bf-4173-9892-6bd4d53055b0,4000.0,5,69600000.0
nón bảo hiểm kết nữ có khoét lổ ở sau để cột tóc(vespa),/nón-bảo-hiểm-kết-nữ-có-khoét-lổ-ở-sau-để-cột-tóc(vespa)-i.149140989.19167605520?sp_atk=88d220f5-4282-4664-a8c0-57bcd11f905e&xptdk=88d220f5-4282-4664-a8c0-57bcd11f905e,60000.0,5,53940000.0
case máy tính đồng bộ hp G31 Fom nhỏ cực bền thanh lý văn phòng,/case-máy-tính-đồng-bộ-hp-G31-Fom-nhỏ-cực-bền-thanh-lý-văn-phòng-i.25015582.1529392240?sp_atk=d1ea4425-b787-454d-a791-ec2738365d91&xptdk=d1ea4425-b787-454d-a791-ec2738365d91,611250.0,5,67237500.0
Bộ 40-50 Túi Đựng Bút Mềm Thêu Hình Gấu / Thỏ Bentoy Kiểu Hàn Quốc Dễ Thương,/Bộ-40-50-Túi-Đựng-Bút-Mềm-Thêu-Hình-Gấu-Thỏ-Bentoy-Kiểu-Hàn-Quốc-Dễ-Thương-i.312577917.22222074110?sp_atk=5839241f-4102-4fc6-9001-18b9dbe505d6&xptdk=5839241f-4102-4fc6-9001-18b9dbe505d6,39000.0,5,210600000.0
Collagen Lựu Đỏ Hàn Quốc 30 Gói Chính Hãng - Bột Collagen Lựu,/Collagen-Lựu-Đỏ-Hàn-Quốc-30-Gói-Chính-Hãng-Bột-Collagen-Lựu-i.21315779.11938234455?sp_atk=b093f8ea-c0a7-4014-a7e2-088c486acbda&xptdk=b093f8ea-c0a7-4014-a7e2-088c486acbda,139000.0,5,3322100000.0
"[Hàng loại 1] Nón bảo hiểm nữa đầu kèm kính phi công kèm tai gấu, mũ bảo hiểm chất liệu nhựa ABS kèm kính phi công bọc",/-Hàng-loại-1-Nón-bảo-hiểm-nữa-đầu-kèm-kính-phi-công-kèm-tai-gấu-mũ-bảo-hiểm-chất-liệu-nhựa-ABS-kèm-kính-phi-công-bọc-i.183321649.20652537918?sp_atk=a286ff4d-37cf-473a-b3d5-927da6d69d5e&xptdk=a286ff4d-37cf-473a-b3d5-927da6d69d5e,97000.0,5,417100000.0
"Bột cà phê nguyên chất Enema Viet Healthy 500 - Coffee enema- cafe enema-thụt tháo cà phê, thải độc đại tràng, gan",/Bột-cà-phê-nguyên-chất-Enema-Viet-Healthy-500-Coffee-enema-cafe-enema-thụt-tháo-cà-phê-thải-độc-đại-tràng-gan-i.165723781.2537087556?sp_atk=30bd1c83-0a5e-4d21-bec2-37fd6e95b1bc&xptdk=30bd1c83-0a5e-4d21-bec2-37fd6e95b1bc,159000.0,5,1017600000.0
"Bảng Gỗ Khẩu Hiệu Tạo Động Lực Trang Trí Văn Phòng, Phòng Làm Việc",/Bảng-Gỗ-Khẩu-Hiệu-Tạo-Động-Lực-Trang-Trí-Văn-Phòng-Phòng-Làm-Việc-i.29574767.9897513587?sp_atk=fe2482d1-ed03-4b42-9c0f-f5aa85a6a55d&xptdk=fe2482d1-ed03-4b42-9c0f-f5aa85a6a55d,69300.0,5,152460000.0
Sang Trọng Ốp Điện Thoại Mềm Màu Kẹo Cho iphone 15 11 12 13 14 pro max 7plus xr x xs max 6 6s 7 8 plus se 2020,/Sang-Trọng-Ốp-Điện-Thoại-Mềm-Màu-Kẹo-Cho-iphone-15-11-12-13-14-pro-max-7plus-xr-x-xs-max-6-6s-7-8-plus-se-2020-i.235611104.20055871900?sp_atk=11f3e8b6-1bd7-43bd-ba08-eb5a4f9e6133&xptdk=11f3e8b6-1bd7-43bd-ba08-eb5a4f9e6133,10250.0,5,324925000.0
(SẴN ) MYUNG - Đầm cúp xếp dáng dài hai màu vàng đen - FANIE DRESS,/(SẴN-)-MYUNG-Đầm-cúp-xếp-dáng-dài-hai-màu-vàng-đen-FANIE-DRESS-i.315242856.20065181286?sp_atk=e7f1a11d-d90c-4478-b111-e6efd822f401&xptdk=e7f1a11d-d90c-4478-b111-e6efd822f401,330000.0,5,594000000.0
Cà Phê Hoà Tan ESPRESSO TNI King Coffee Hộp 100 Gói * 2.5g,/Cà-Phê-Hoà-Tan-ESPRESSO-TNI-King-Coffee-Hộp-100-Gói-*-2.5g-i.333584192.21951043802?sp_atk=5b3f85bc-aa02-488a-a3b1-a5b32398729c&xptdk=5b3f85bc-aa02-488a-a3b1-a5b32398729c,242500.0,5,339500000.0
Da Dây Đeo Tay Thay Thế Bằng Silicon Cho Đồng Hồ Thông Minh apple watch ultra 2 ultra series 9 8 7 6 se 5 4 3 2 1 49mm 41mm 45mm 44mm 42mm 40mm 38mm,/Da-Dây-Đeo-Tay-Thay-Thế-Bằng-Silicon-Cho-Đồng-Hồ-Thông-Minh-apple-watch-ultra-2-ultra-series-9-8-7-6-se-5-4-3-2-1-49mm-41mm-45mm-44mm-42mm-40mm-38mm-i.213242511.12502791844?sp_atk=ab5a2c2f-7082-4588-84b8-4de68a71bc72&xptdk=ab5a2c2f-7082-4588-84b8-4de68a71bc72,50000.0,5,285000000.0
Bao lì xì song hỷ cô dâu chú rể cưới nhiều mẫu xinh xắn tiện lợi,/Bao-lì-xì-song-hỷ-cô-dâu-chú-rể-cưới-nhiều-mẫu-xinh-xắn-tiện-lợi-i.3980505.21349908112?sp_atk=df313c1e-6274-4b8f-8333-f5e9c8edbd51&xptdk=df313c1e-6274-4b8f-8333-f5e9c8edbd51,3000.0,5,111300000.0
[ RẺ VÔ ĐỊCH] IN ẢNH ÉP PLASTIC 6X9 GIÁ 1k (10 tấm tặng 1 tấm),/-RẺ-VÔ-ĐỊCH-IN-ẢNH-ÉP-PLASTIC-6X9-GIÁ-1k-(10-tấm-tặng-1-tấm)-i.328815042.11476882873?sp_atk=7ba6f889-75ed-4c09-89ec-5a56267ca52b&xptdk=7ba6f889-75ed-4c09-89ec-5a56267ca52b,1000.0,5,62200000.0
500g_CÀ PHÊ NGUYÊN CHẤT ĐĂK LĂK CULI ROBUSTA,/500g_CÀ-PHÊ-NGUYÊN-CHẤT-ĐĂK-LĂK-CULI-ROBUSTA-i.54500274.4823524673?sp_atk=bf807934-05f3-4c98-b089-e36782de5985&xptdk=bf807934-05f3-4c98-b089-e36782de5985,70000.0,5,665000000.0
Ốp Lưng Điện Thoại Viền Gấu Sóng Pink Losto Cho iPhone 6 6Splus 7 7Plus 8 8Plus X Xs Xsmax 11 12 13 14 Pro Max Plus,/Ốp-Lưng-Điện-Thoại-Viền-Gấu-Sóng-Pink-Losto-Cho-iPhone-6-6Splus-7-7Plus-8-8Plus-X-Xs-Xsmax-11-12-13-14-Pro-Max-Plus-i.89827191.20561217788?sp_atk=3aab9f51-5db7-4d5d-8f05-d26517ffd825&xptdk=3aab9f51-5db7-4d5d-8f05-d26517ffd825,10950.0,5,900090000.0
"Bao Nạp Tài Mùa Cưới cao cấp, họa tiết in nổi sắc nét, cao cấp đám hỏi",/Bao-Nạp-Tài-Mùa-Cưới-cao-cấp-họa-tiết-in-nổi-sắc-nét-cao-cấp-đám-hỏi-i.720153881.14984982461?sp_atk=ec3f97ba-c29e-4ece-8999-0f56f39bab20&xptdk=ec3f97ba-c29e-4ece-8999-0f56f39bab20,88000.0,5,30008000.0
Nón bảo hiểm khủng long aww cực cute (viền nón theo màu nón),/Nón-bảo-hiểm-khủng-long-aww-cực-cute-(viền-nón-theo-màu-nón)-i.58216194.3012281210?sp_atk=acd3eab5-6855-4e3c-aca9-f2c016a10363&xptdk=acd3eab5-6855-4e3c-aca9-f2c016a10363,39999.0,5,99997500.0
"Đồ chơi trang điểm cho bé gái Pikaboo, Bộ trang điểm thật cho bé màu hồng cao cấp, an toàn, dễ làm sạch",/Đồ-chơi-trang-điểm-cho-bé-gái-Pikaboo-Bộ-trang-điểm-thật-cho-bé-màu-hồng-cao-cấp-an-toàn-dễ-làm-sạch-i.408128896.12458562895?sp_atk=69087047-8497-4086-8293-4163bdba49f1&xptdk=69087047-8497-4086-8293-4163bdba49f1,242550.0,5,2110185000.0
"{RẺ} BẢNG PHÓC TRẮNG (40/60,50/70,60/80,60/100cm) VIẾT BÚT LÔNG GIÁ RẺ+TẶNG THÊM 1 BÚT LÔNG VÀ BÔNG LAU",/-RẺ-BẢNG-PHÓC-TRẮNG-(40-60-50-70-60-80-60-100cm)-VIẾT-BÚT-LÔNG-GIÁ-RẺ-TẶNG-THÊM-1-BÚT-LÔNG-VÀ-BÔNG-LAU-i.640500436.10680801007?sp_atk=544ffd19-7a30-4e3b-b154-9d2a9587817f&xptdk=544ffd19-7a30-4e3b-b154-9d2a9587817f,132800.0,5,109560000.0
We Flower Bộ 40 miếng dán kích mí giúp đôi mắt to và long lanh hơn,/We-Flower-Bộ-40-miếng-dán-kích-mí-giúp-đôi-mắt-to-và-long-lanh-hơn-i.252386387.4259895571?sp_atk=68b251c7-2ce9-49a2-8797-24f910fce0a4&xptdk=68b251c7-2ce9-49a2-8797-24f910fce0a4,2000.0,5,88000000.0
Váy V22 - Đầm Babydoll Đuôi Cá Tay Bèo Hai Lớp Cách Điệu Chất Đũi Gân,/Váy-V22-Đầm-Babydoll-Đuôi-Cá-Tay-Bèo-Hai-Lớp-Cách-Điệu-Chất-Đũi-Gân-i.25804244.22429462621?sp_atk=ffeb5a01-3a17-4fb2-a2e5-9d10d14deb13&xptdk=ffeb5a01-3a17-4fb2-a2e5-9d10d14deb13,94000.0,5,188000000.0
"Cân điện tử sức khỏe thông minh hình lợn hồng cute, cân tiểu ly mini nhà bếp dùng pin",/Cân-điện-tử-sức-khỏe-thông-minh-hình-lợn-hồng-cute-cân-tiểu-ly-mini-nhà-bếp-dùng-pin-i.41258653.6540970151?sp_atk=11ba7872-e250-465a-8aaf-9ae88bcd4db0&xptdk=11ba7872-e250-465a-8aaf-9ae88bcd4db0,59500.0,5,3082100000.0
"Đồ chơi bộ tranh xếp hình, ghép hình lắp ráp gỗ 9 mảnh - tranh ghép gỗ 9 miếng thông minh phát triển trí tuệ cho bé",/Đồ-chơi-bộ-tranh-xếp-hình-ghép-hình-lắp-ráp-gỗ-9-mảnh-tranh-ghép-gỗ-9-miếng-thông-minh-phát-triển-trí-tuệ-cho-bé-i.39747516.5430143153?sp_atk=b3e2f790-fe7a-467d-8962-28858cf6a757&xptdk=b3e2f790-fe7a-467d-8962-28858cf6a757,6000.0,5,375600000.0
Quần áo trẻ em Áo polo bé trai ngắn tay cổ bomber Magickids thêu gấu chất thun cá sấu thoáng mát  AO22028,/Quần-áo-trẻ-em-Áo-polo-bé-trai-ngắn-tay-cổ-bomber-Magickids-thêu-gấu-chất-thun-cá-sấu-thoáng-mát-AO22028-i.92907330.19019375013?sp_atk=75c95fd4-acdd-4ce6-b16c-9a2588ad5bfe&xptdk=75c95fd4-acdd-4ce6-b16c-9a2588ad5bfe,114000.0,5,923400000.0
"Quần đùi nam,quần ngủ 100% cotton cao cấp",/Quần-đùi-nam-quần-ngủ-100-cotton-cao-cấp-i.110906951.5801396372?sp_atk=77ba89ea-e7ca-4106-995b-0a7df479bd4c&xptdk=77ba89ea-e7ca-4106-995b-0a7df479bd4c,62000.0,5,2969800000.0
Giấy gói hoa trơn mờ ko thấm nước,/Giấy-gói-hoa-trơn-mờ-ko-thấm-nước-i.1090897.20241321876?sp_atk=91fc3a8c-d005-4bbf-936e-2bdac4a5859b&xptdk=91fc3a8c-d005-4bbf-936e-2bdac4a5859b,4757.5,5,235972000.0
"Sách Điện Tử Song Ngữ, Sách Điện Tử Thông Minh Cho Bé Phiên Bản Mới Nhất 2022 Nâng Cấp",/Sách-Điện-Tử-Song-Ngữ-Sách-Điện-Tử-Thông-Minh-Cho-Bé-Phiên-Bản-Mới-Nhất-2022-Nâng-Cấp-i.7865000.17384241915?sp_atk=8f53137c-7e84-4486-9130-bdb470868034&xptdk=8f53137c-7e84-4486-9130-bdb470868034,119500.0,5,310700000.0
"Thẻ Đúng (Sai) in 2 mặt ,1 mặt Đúng,1 mặt Sai",/Thẻ-Đúng-(Sai)-in-2-mặt-1-mặt-Đúng-1-mặt-Sai-i.60059441.10598197734?sp_atk=16b3905c-2f1e-4ce8-89e8-6690087c3ab8&xptdk=16b3905c-2f1e-4ce8-89e8-6690087c3ab8,5500.0,5,14300000.0
Mũ Bảo Hiểm Nữa Đầu VESPA KIM,/Mũ-Bảo-Hiểm-Nữa-Đầu-VESPA-KIM-i.26715862.1050458622?sp_atk=c2eaa613-813c-4f89-8c63-5720c4a099b5&xptdk=c2eaa613-813c-4f89-8c63-5720c4a099b5,59000.0,5,141600000.0
Giấy Gói Hoa Trong Suốt Chống Thấm Nước Thời Trang Đơn Giản Dùng Làm Quà Valentine,/Giấy-Gói-Hoa-Trong-Suốt-Chống-Thấm-Nước-Thời-Trang-Đơn-Giản-Dùng-Làm-Quà-Valentine-i.426964114.22911344974?sp_atk=e5a76075-360b-4757-8c17-bd0c0296ff44&xptdk=e5a76075-360b-4757-8c17-bd0c0296ff44,12100.0,5,114950000.0
Đầu đọc ổ cứng Blueendless Dual-cổng giao thức M.2 Nvme/ Sata,/Đầu-đọc-ổ-cứng-Blueendless-Dual-cổng-giao-thức-M.2-Nvme-Sata-i.135041260.10779703799?sp_atk=58974c05-b6ce-43fb-8f0a-b7f458477003&xptdk=58974c05-b6ce-43fb-8f0a-b7f458477003,478217.0,5,19128680.0
Cây Xương Rồng Nhảy Múa biết nói nhái giọng hát nhạc đồ chơi nhồi bông cho bé - LANA QUEEN,/Cây-Xương-Rồng-Nhảy-Múa-biết-nói-nhái-giọng-hát-nhạc-đồ-chơi-nhồi-bông-cho-bé-LANA-QUEEN-i.33329184.18919499838?sp_atk=f4f642a5-0c75-4c77-9ed4-948b4cd448c5&xptdk=f4f642a5-0c75-4c77-9ed4-948b4cd448c5,114000.0,5,307800000.0
nón bảo hiểm lính cao cấp siêu ngầu siêu bền day đeo chức chắn an toàn cho người sử dụng,/nón-bảo-hiểm-lính-cao-cấp-siêu-ngầu-siêu-bền-day-đeo-chức-chắn-an-toàn-cho-người-sử-dụng-i.105491220.12534161808?sp_atk=4c72bf89-f8e0-4b56-90a9-3023db0a81e7&xptdk=4c72bf89-f8e0-4b56-90a9-3023db0a81e7,110000.0,5,20790000.0
ÁO KHOÁC KAKI - JACKET CROPTOP BASIC,/ÁO-KHOÁC-KAKI-JACKET-CROPTOP-BASIC-i.148023117.15977538131?sp_atk=5875cc55-2405-4f32-82f8-5f489040ec25&xptdk=5875cc55-2405-4f32-82f8-5f489040ec25,294500.0,5,294500000.0
khung ảnh a3 (30x40) mặt mica mỏng chọn màu,/khung-ảnh-a3-(30x40)-mặt-mica-mỏng-chọn-màu-i.14707039.13730339691?sp_atk=40c27a68-f621-4ba8-a81a-e31aa300b18a&xptdk=40c27a68-f621-4ba8-a81a-e31aa300b18a,28500.0,5,102600000.0
Ốp Điện Thoại TPU Silicon Mềm Trong Suốt Chống Sốc Chống Bụi Màu Macaron Cho iPhone11 12 Pro Max 7 8 Plus X XS XR XSMAX,/Ốp-Điện-Thoại-TPU-Silicon-Mềm-Trong-Suốt-Chống-Sốc-Chống-Bụi-Màu-Macaron-Cho-iPhone11-12-Pro-Max-7-8-Plus-X-XS-XR-XSMAX-i.464571186.12502415618?sp_atk=2c8b2426-1f8f-4aff-b418-a867114c2112&xptdk=2c8b2426-1f8f-4aff-b418-a867114c2112,16000.0,5,252800000.0
"Đầm Cúp Ngực Dáng Phồng Xoè Công Chúa, Đầm váy thiết kế Hotgirl đi tiệc dạo phố KC1377",/Đầm-Cúp-Ngực-Dáng-Phồng-Xoè-Công-Chúa-Đầm-váy-thiết-kế-Hotgirl-đi-tiệc-dạo-phố-KC1377-i.731771163.21703536679?sp_atk=1a7690e0-cd01-42f3-ad7c-af02d74c6743&xptdk=1a7690e0-cd01-42f3-ad7c-af02d74c6743,169000.0,5,371800000.0
Còng nhựa kẹp giấy lò xo DecorMe còng cao cấp A4 B5 A5 làm gáy sổ còng có thể cắt rời loại cao cấp,/Còng-nhựa-kẹp-giấy-lò-xo-DecorMe-còng-cao-cấp-A4-B5-A5-làm-gáy-sổ-còng-có-thể-cắt-rời-loại-cao-cấp-i.1145688.11144482183?sp_atk=80a70bb0-dd64-4469-abc1-2063a3168099&xptdk=80a70bb0-dd64-4469-abc1-2063a3168099,17350.0,5,588165000.0
"Quần Ống Suông Bé Gái Màu Đơn Sắc, Chất Xược,Tôn Dáng, Dễ Phối Đồ - BabyBoo - PiBo Store",/Quần-Ống-Suông-Bé-Gái-Màu-Đơn-Sắc-Chất-Xược-Tôn-Dáng-Dễ-Phối-Đồ-BabyBoo-PiBo-Store-i.378303014.23024162645?sp_atk=715b2415-747a-4cee-b1de-210575b744b8&xptdk=715b2415-747a-4cee-b1de-210575b744b8,77000.0,5,56287000.0
Bộ tranh sơn dầu acrylic Hamlet tô màu theo số hình hoa tulip làm quà tặng trang trí cỡ 20 * 20/30 * 30cm,/Bộ-tranh-sơn-dầu-acrylic-Hamlet-tô-màu-theo-số-hình-hoa-tulip-làm-quà-tặng-trang-trí-cỡ-20-*-20-30-*-30cm-i.744834411.20320194605?sp_atk=7ade8d75-60db-4397-88fa-edff7e43c2ff&xptdk=7ade8d75-60db-4397-88fa-edff7e43c2ff,67000.0,5,234500000.0
Mũ bảo hiểm trẻ em cá mập xám không kính chất liệu nhựa ABS cao cấp đệm lót xốp chịu lực EPS an toàn cho trẻ,/Mũ-bảo-hiểm-trẻ-em-cá-mập-xám-không-kính-chất-liệu-nhựa-ABS-cao-cấp-đệm-lót-xốp-chịu-lực-EPS-an-toàn-cho-trẻ-i.272869368.3338698975?sp_atk=24f496d0-ed34-42de-86d6-37f95bb56f9b&xptdk=24f496d0-ed34-42de-86d6-37f95bb56f9b,175000.0,5,525000000.0
"Áo choàng nhuộm tóc | Chenglovehair, Chenglovehairs, Chengloveshair",/Áo-choàng-nhuộm-tóc-Chenglovehair-Chenglovehairs-Chengloveshair-i.261570329.11824337294?sp_atk=0e788f66-f9da-4f93-874c-2d73c4ef90f3&xptdk=0e788f66-f9da-4f93-874c-2d73c4ef90f3,13800.0,5,503700000.0
Bảng nhóm khổ A3 30*40(cm),/Bảng-nhóm-khổ-A3-30*40(cm)-i.235436844.5358240062?sp_atk=d1d5f911-8ba0-4db6-a12d-a367325a0e2b&xptdk=d1d5f911-8ba0-4db6-a12d-a367325a0e2b,15800.0,5,42660000.0
"Áo khoác dù NIKE thu đông 2 lớp, logo thêu cao cấp VNXK CỰC HOT ABCD Boutique KD01",/Áo-khoác-dù-NIKE-thu-đông-2-lớp-logo-thêu-cao-cấp-VNXK-CỰC-HOT-ABCD-Boutique-KD01-i.846354060.12395868691?sp_atk=80827370-a699-4ba2-bb3f-e19b934e0edd&xptdk=80827370-a699-4ba2-bb3f-e19b934e0edd,165000.0,5,313500000.0
"Váy Trễ Vai Công Chúa 3 Tầng Màu Trắng, Đầm Dự Tiệc Nữ Sống Ảo Màu Trắng",/Váy-Trễ-Vai-Công-Chúa-3-Tầng-Màu-Trắng-Đầm-Dự-Tiệc-Nữ-Sống-Ảo-Màu-Trắng-i.731774331.23318027719?sp_atk=e77f2ef5-b7dc-4af4-b3c6-bd8ac1c7c851&xptdk=e77f2ef5-b7dc-4af4-b3c6-bd8ac1c7c851,95000.0,5,361000000.0
ÁO THUN BEARMOJI MISSOUT,/ÁO-THUN-BEARMOJI-MISSOUT-i.80102701.17667004071?sp_atk=01fbb4de-6c06-4466-b2ba-a782dec4e5f2&xptdk=01fbb4de-6c06-4466-b2ba-a782dec4e5f2,222500.0,5,534000000.0
"Kê tay bàn phím, Kê lót tay bàn phím gỗ cao cấp cho bàn phím cơ NOITHATLUX",/Kê-tay-bàn-phím-Kê-lót-tay-bàn-phím-gỗ-cao-cấp-cho-bàn-phím-cơ-NOITHATLUX-i.321357000.21334346713?sp_atk=8f11c459-304d-4765-90f9-6c63dce17189&xptdk=8f11c459-304d-4765-90f9-6c63dce17189,62500.0,5,81250000.0
Móc Khóa Thegioipuzzle Hình Chú Chó Shiba Inu Dễ Thương 5cm,/Móc-Khóa-Thegioipuzzle-Hình-Chú-Chó-Shiba-Inu-Dễ-Thương-5cm-i.465886551.19254035370?sp_atk=4647adfb-4d54-4114-b4bb-a87e152fc345&xptdk=4647adfb-4d54-4114-b4bb-a87e152fc345,9998.0,5,24995000.0
ĐỒ BỘ NAM THỂ THAO THUN COTTON-NLSAO,/ĐỒ-BỘ-NAM-THỂ-THAO-THUN-COTTON-NLSAO-i.62557306.14654134203?sp_atk=5aa2681f-5b2e-4fdb-927e-151928f1ce68&xptdk=5aa2681f-5b2e-4fdb-927e-151928f1ce68,59000.0,5,1162300000.0
"Thảm lót sàn ô tô cao su xe 4 -5 chỗ các hãng, kích thước 0.6x3m",/Thảm-lót-sàn-ô-tô-cao-su-xe-4-5-chỗ-các-hãng-kích-thước-0.6x3m-i.284076512.7482360031?sp_atk=24d89f71-5dd8-470d-bc22-9ee9dc03a357&xptdk=24d89f71-5dd8-470d-bc22-9ee9dc03a357,165000.0,5,1105500000.0
"[KEYCAP] Pixel XDA profile, PBT in nhiệt cực rẻ, 125 nút bàn phím cơ",/-KEYCAP-Pixel-XDA-profile-PBT-in-nhiệt-cực-rẻ-125-nút-bàn-phím-cơ-i.91969976.22504948011?sp_atk=02bb125b-8440-4a42-af45-d6b9ae3d1453&xptdk=02bb125b-8440-4a42-af45-d6b9ae3d1453,249000.0,5,65487000.0
Đèn LED tín hiệu kiểu mắt chim ưng 12v 18mm dành cho chạy xe máy vào buổi sáng,/Đèn-LED-tín-hiệu-kiểu-mắt-chim-ưng-12v-18mm-dành-cho-chạy-xe-máy-vào-buổi-sáng-i.427632039.2961391646?sp_atk=a5eef7e5-657b-45f0-9bc3-c80ece9ad523&xptdk=a5eef7e5-657b-45f0-9bc3-c80ece9ad523,11750.0,5,162150000.0
Lenovo Tai nghe nhét tai không dây LENOVO Disney F9 bluetooth 5.2 âm thanh hifi tích hợp mi cờ rô,/Lenovo-Tai-nghe-nhét-tai-không-dây-LENOVO-Disney-F9-bluetooth-5.2-âm-thanh-hifi-tích-hợp-mi-cờ-rô-i.854443946.22905307666?sp_atk=0a4c0ce7-d686-40f0-8330-b0e76424b21a&xptdk=0a4c0ce7-d686-40f0-8330-b0e76424b21a,142900.0,5,342960000.0
Phong bì phong bì Vintage bì thư giấy kraft 7x10cm màu sắc tối giản làm thiệp sinh nhật thiệp chúc mừng thiệp Vintage,/Phong-bì-phong-bì-Vintage-bì-thư-giấy-kraft-7x10cm-màu-sắc-tối-giản-làm-thiệp-sinh-nhật-thiệp-chúc-mừng-thiệp-Vintage-i.863945925.13596714002?sp_atk=63ba5783-44d4-4acb-a973-a4020d882727&xptdk=63ba5783-44d4-4acb-a973-a4020d882727,2678.0,5,3481400.0
"Áo khoác Gi lê nam nữ chất len cao cấp, dễ mặc dễ phối đồ, hợp mọi thời đại, áo Gile",/Áo-khoác-Gi-lê-nam-nữ-chất-len-cao-cấp-dễ-mặc-dễ-phối-đồ-hợp-mọi-thời-đại-áo-Gile-i.52682650.19164771059?sp_atk=bab9aac8-b0f5-4c28-98d2-22853b877ba4&xptdk=bab9aac8-b0f5-4c28-98d2-22853b877ba4,169000.0,5,371800000.0
Letit | Bút Đánh Dấu Hai Đầu Mềm Mại Với 25 Màu Sắc Khác Nhau Tùy Chọn,/Letit-Bút-Đánh-Dấu-Hai-Đầu-Mềm-Mại-Với-25-Màu-Sắc-Khác-Nhau-Tùy-Chọn-i.563541817.16204011606?sp_atk=4b813648-c273-4b76-9ae9-3f51d27c5c89&xptdk=4b813648-c273-4b76-9ae9-3f51d27c5c89,4645.0,5,76178000.0
Áo chống nắng thông hơi TRẺ EM dáng ngắn,/Áo-chống-nắng-thông-hơi-TRẺ-EM-dáng-ngắn-i.8458890.8317513440?sp_atk=3eef0854-8d78-43a0-9348-00e4897155b9&xptdk=3eef0854-8d78-43a0-9348-00e4897155b9,55000.0,5,9790000.0
"Áo gile nhung phối túi cho bé Beemo,Chất liệu nhung mềm mịn, giữ ấm tốt cho bé B249",/Áo-gile-nhung-phối-túi-cho-bé-Beemo-Chất-liệu-nhung-mềm-mịn-giữ-ấm-tốt-cho-bé-B249-i.339752306.20865738192?sp_atk=97e42b15-a53e-4526-ab49-7274883f90c0&xptdk=97e42b15-a53e-4526-ab49-7274883f90c0,95000.0,5,24890000.0
[Hàng Sẵn] [Ảnh Thật] [Freeship] Giày Bốt Chiến Binh CC00,/-Hàng-Sẵn-Ảnh-Thật-Freeship-Giày-Bốt-Chiến-Binh-CC00-i.11650953.12420843630?sp_atk=f753361b-df65-4c08-9c59-b1fdb7edcac0&xptdk=f753361b-df65-4c08-9c59-b1fdb7edcac0,400000.0,5,112800000.0
Bộ Keycap PBT Astronaut v2 - 140 Keys,/Bộ-Keycap-PBT-Astronaut-v2-140-Keys-i.10657640.15594437908?sp_atk=3e2ddbfd-5d25-436c-bc76-75e6f4499cbd&xptdk=3e2ddbfd-5d25-436c-bc76-75e6f4499cbd,519000.0,5,23874000.0
ÁO khoác dù chống nắng chống gió cho bé trai size đại 13kg đến 38kg H29,/ÁO-khoác-dù-chống-nắng-chống-gió-cho-bé-trai-size-đại-13kg-đến-38kg-H29-i.140189040.6308188870?sp_atk=bb1933bb-fc19-4197-9d7c-ed1708dc0344&xptdk=bb1933bb-fc19-4197-9d7c-ed1708dc0344,108000.0,5,9828000.0
"Túi Chống Sốc Laptop Cao Cấp Lót Nhung ,Chống Nước Logo 3D - ( 2 Ngăn )",/Túi-Chống-Sốc-Laptop-Cao-Cấp-Lót-Nhung-Chống-Nước-Logo-3D-(-2-Ngăn-)-i.10686816.21207277242?sp_atk=e51d1475-cc89-4c23-a51b-12fb0e4c4428&xptdk=e51d1475-cc89-4c23-a51b-12fb0e4c4428,85000.0,5,17255000.0
❤Giày Boot Cổ Thấp Thời Trang Nữ Retro,/❤Giày-Boot-Cổ-Thấp-Thời-Trang-Nữ-Retro-i.790080711.16084634792?sp_atk=9bd673d2-ebea-4488-b8f3-d06cabd502ab&xptdk=9bd673d2-ebea-4488-b8f3-d06cabd502ab,273000.0,5,46137000.0
[Chính Hãng] Giá treo giá đỡ 2 màn hình máy tính NB H180 - Nhập Khẩu,/-Chính-Hãng-Giá-treo-giá-đỡ-2-màn-hình-máy-tính-NB-H180-Nhập-Khẩu-i.3419273.6557840373?sp_atk=5662140b-d9b4-4009-b63e-0051767ad043&xptdk=5662140b-d9b4-4009-b63e-0051767ad043,580000.0,5,176900000.0
Áo khoác khủng long bé,/Áo-khoác-khủng-long-bé-i.194109179.13242105959?sp_atk=ba674b59-4fdc-45d4-9311-75c6d1cf8bd1&xptdk=ba674b59-4fdc-45d4-9311-75c6d1cf8bd1,77500.0,5,100750000.0
"Giày nhựa dẻo nhiều màu đi mưa, đi biển form chuẩn - GN11",/Giày-nhựa-dẻo-nhiều-màu-đi-mưa-đi-biển-form-chuẩn-GN11-i.159976814.4032884057?sp_atk=c11deebb-fb71-4b7b-8fc8-b04b5bfb5f81&xptdk=c11deebb-fb71-4b7b-8fc8-b04b5bfb5f81,45000.0,5,171000000.0
Bốt nữ thời trang đốc MiMi,/Bốt-nữ-thời-trang-đốc-MiMi-i.225185899.16387531817?sp_atk=f09b5c56-e692-49cf-b6c2-393c26e1f78f&xptdk=f09b5c56-e692-49cf-b6c2-393c26e1f78f,117500.0,5,141000000.0
( NEW ) Cáp Nối Bàn Di Chuột Touchpad Cho Laptop Asus X451 X450 X453 X550 X552 X553 X551 P550,/(-NEW-)-Cáp-Nối-Bàn-Di-Chuột-Touchpad-Cho-Laptop-Asus-X451-X450-X453-X550-X552-X553-X551-P550-i.532059273.15868467609?sp_atk=a8e059df-870b-4240-8350-5ebbe2507dcb&xptdk=a8e059df-870b-4240-8350-5ebbe2507dcb,45000.0,5,10170000.0
Áo Khoác Cho Bé Minly Baby Vải Da Cá In Hình Dễ Thương Size 7-28kg - Nghi Linh Baby,/Áo-Khoác-Cho-Bé-Minly-Baby-Vải-Da-Cá-In-Hình-Dễ-Thương-Size-7-28kg-Nghi-Linh-Baby-i.50224291.20832500785?sp_atk=aa2f8ee7-12ad-4521-b754-138324b4d141&xptdk=aa2f8ee7-12ad-4521-b754-138324b4d141,98000.0,5,2156000.0
Máy Chấm Công Quét Vân Tay Không Dùng Phần Mềm Ronald Jack X668,/Máy-Chấm-Công-Quét-Vân-Tay-Không-Dùng-Phần-Mềm-Ronald-Jack-X668-i.3994816.624690805?sp_atk=108bacf1-ed34-4b47-9b9e-46201e33ca0c&xptdk=108bacf1-ed34-4b47-9b9e-46201e33ca0c,859000.0,5,442385000.0
[LOẠI ĐẸP - form cứng cáp ] Boot ulzzang cao cổ 20cm buộc dây kéo khóa đế cao 5.5cm màu đen/trắng cá tính  X3,/-LOẠI-ĐẸP-form-cứng-cáp-Boot-ulzzang-cao-cổ-20cm-buộc-dây-kéo-khóa-đế-cao-5.5cm-màu-đen-trắng-cá-tính-X3-i.84967176.10729323969?sp_atk=cf0cbdbe-8181-461c-bbbc-c80b3dd684c5&xptdk=cf0cbdbe-8181-461c-bbbc-c80b3dd684c5,189000.0,5,1493100000.0
"Áo chống nắng kiểu măng tô dáng dài cho bé yêu, chống tia UV tuyệt đối",/Áo-chống-nắng-kiểu-măng-tô-dáng-dài-cho-bé-yêu-chống-tia-UV-tuyệt-đối-i.342528239.9042587404?sp_atk=671cbb83-fd29-4abf-ae55-dd2500525f84&xptdk=671cbb83-fd29-4abf-ae55-dd2500525f84,39000.0,5,66300000.0
Giá Đỡ Laptop Baseus Slim Laptop Kickstand Tản Nhiệt Siêu Nhỏ Gọn (2pcs) - TopLink,/Giá-Đỡ-Laptop-Baseus-Slim-Laptop-Kickstand-Tản-Nhiệt-Siêu-Nhỏ-Gọn-(2pcs)-TopLink-i.311797666.20117608325?sp_atk=1c01f029-aa77-402b-9909-6526fa5936cb&xptdk=1c01f029-aa77-402b-9909-6526fa5936cb,117310.5,5,73084441.5
"Bot đùi nữ đế cao (Loại 1) 6p siêu đẹp, Boot đùi da nữ cao cấp dễ phối đồ Mã 908 MIMI",/Bot-đùi-nữ-đế-cao-(Loại-1)-6p-siêu-đẹp-Boot-đùi-da-nữ-cao-cấp-dễ-phối-đồ-Mã-908-MIMI-i.1484800.20652343266?sp_atk=18b0c5a5-7106-4286-b704-6af9ea282807&xptdk=18b0c5a5-7106-4286-b704-6af9ea282807,156750.0,5,454575000.0
Đầu chuyển DVI ra VGA Giúp kết nối giữa màn hình có cổng vga với card màn hình không có cổng vga (24+5),/Đầu-chuyển-DVI-ra-VGA-Giúp-kết-nối-giữa-màn-hình-có-cổng-vga-với-card-màn-hình-không-có-cổng-vga-(24-5)-i.362695883.9165434346?sp_atk=dc0cc950-960b-4a74-9f56-5741b05eabd7&xptdk=dc0cc950-960b-4a74-9f56-5741b05eabd7,13000.0,5,2431000.0
Áo khoác gió adi.das cho bé trai hình khủng long size từ 12-35 cân,/Áo-khoác-gió-adi.das-cho-bé-trai-hình-khủng-long-size-từ-12-35-cân-i.708645317.18346481638?sp_atk=24523516-6741-442a-9074-cb58952b2930&xptdk=24523516-6741-442a-9074-cb58952b2930,230000.0,5,48300000.0
Nút bấm chuột Kailh Silent Switch 8M - 8 triệu lần bấm - 20 triệu lần - Hàng Chính Hãng - 6 x 6 x 7.3mm,/Nút-bấm-chuột-Kailh-Silent-Switch-8M-8-triệu-lần-bấm-20-triệu-lần-Hàng-Chính-Hãng-6-x-6-x-7.3mm-i.168934313.23016008767?sp_atk=e1fab7c4-c4d9-48e1-8dde-92aedd37b104&xptdk=e1fab7c4-c4d9-48e1-8dde-92aedd37b104,8500.0,5,5729000.0
🔥có hàng sẵn🔥 Giày Bốt Martin Da Đế Dày Buộc Dây Kiểu Anh Thời Trang Thu Đông 2023 Cho Học Sinh,/🔥có-hàng-sẵn🔥-Giày-Bốt-Martin-Da-Đế-Dày-Buộc-Dây-Kiểu-Anh-Thời-Trang-Thu-Đông-2023-Cho-Học-Sinh-i.619005613.17190753107?sp_atk=f315c2e3-9334-4425-9cd8-ad63159947fe&xptdk=f315c2e3-9334-4425-9cd8-ad63159947fe,117800.0,5,270940000.0
"Nhíp gắp linh kiện điện tử hàng xịn Kelowna - Nhíp thẳng, nhíp cong - Polabe Store",/Nhíp-gắp-linh-kiện-điện-tử-hàng-xịn-Kelowna-Nhíp-thẳng-nhíp-cong-Polabe-Store-i.595826413.15125244665?sp_atk=84759ac0-a907-4918-9c78-435a1559a81d&xptdk=84759ac0-a907-4918-9c78-435a1559a81d,13095.0,5,3574935.0
"Áo gile sơ sinh cotton đệm bông mềm mại cho bé 0-1 tuổi, chất vải dầy dặn giữ ấm tốt, thoáng khí, thấm hút mồ hôi | MP27",/Áo-gile-sơ-sinh-cotton-đệm-bông-mềm-mại-cho-bé-0-1-tuổi-chất-vải-dầy-dặn-giữ-ấm-tốt-thoáng-khí-thấm-hút-mồ-hôi-MP27-i.24825178.10966380304?sp_atk=85545b93-f00d-47ae-9027-8de8001d4d79&xptdk=85545b93-f00d-47ae-9027-8de8001d4d79,130000.0,5,18720000.0
1M GIẤY DÁN TƯỜNG NHIỀU MẪU HOẠT HÌNH VUI NHỘN KHỔ 45CM CÓ KEO SẴN,/1M-GIẤY-DÁN-TƯỜNG-NHIỀU-MẪU-HOẠT-HÌNH-VUI-NHỘN-KHỔ-45CM-CÓ-KEO-SẴN-i.80406252.9960251811?sp_atk=787342b4-f474-4ba1-907b-e1cb53592812&xptdk=787342b4-f474-4ba1-907b-e1cb53592812,7800.0,5,380640000.0
Giày bốt nữ đế vuông cao 7cm cao ngang mắt cá phong cách hàn quốc,/Giày-bốt-nữ-đế-vuông-cao-7cm-cao-ngang-mắt-cá-phong-cách-hàn-quốc-i.60263404.14906401171?sp_atk=1e01719c-ad0b-46c5-a7fa-9fd0a85cc566&xptdk=1e01719c-ad0b-46c5-a7fa-9fd0a85cc566,195000.0,5,74295000.0
"Sticker MSI mạ niken cao cấp trang trí PC, Laptop, Mobile",/Sticker-MSI-mạ-niken-cao-cấp-trang-trí-PC-Laptop-Mobile-i.26128952.1287573533?sp_atk=33613e65-af4e-47da-834b-1dcbfb8c0220&xptdk=33613e65-af4e-47da-834b-1dcbfb8c0220,35000.0,5,17325000.0
"Áo khoác sơ sinh cho bé trai, bé gái từ sơ sinh đến 11 kg",/Áo-khoác-sơ-sinh-cho-bé-trai-bé-gái-từ-sơ-sinh-đến-11-kg-i.5755056.681820427?sp_atk=ea4fdc9d-79f7-466f-a5f5-8f6d1736984f&xptdk=ea4fdc9d-79f7-466f-a5f5-8f6d1736984f,32500.0,5,78000000.0
Ủng đi mưa / Giày đi mưa chống trượt - Siêu bền,/Ủng-đi-mưa-Giày-đi-mưa-chống-trượt-Siêu-bền-i.18157122.346830282?sp_atk=92cd8eee-15f9-4af2-933c-865bc2ba0029&xptdk=92cd8eee-15f9-4af2-933c-865bc2ba0029,34900.0,5,300140000.0
"🔥Cái mới🔥CHZK Giày Bốt Martin Gót Vuông Dày Phong Cách Hàn Quốc Dành Cho Nữ,supertrend,boot nữ cổ thấp",/🔥Cái-mới🔥CHZK-Giày-Bốt-Martin-Gót-Vuông-Dày-Phong-Cách-Hàn-Quốc-Dành-Cho-Nữ-supertrend-boot-nữ-cổ-thấp-i.619006692.18648017437?sp_atk=f2c10425-36b1-4a25-93ad-5d493bf55fc4&xptdk=f2c10425-36b1-4a25-93ad-5d493bf55fc4,134000.0,5,82276000.0
Cáp SATA zin theo main - Dây SATA máy tính - Chuẩn sata 3 tốc độ 6GB/s,/Cáp-SATA-zin-theo-main-Dây-SATA-máy-tính-Chuẩn-sata-3-tốc-độ-6GB-s-i.362695883.9465450388?sp_atk=9b7ec998-1460-434f-bc38-48b7a19462c0&xptdk=9b7ec998-1460-434f-bc38-48b7a19462c0,8500.0,5,5431500.0
"Áo khoác trẻ em hình cá voi dễ thương, áo khoác chống nắng cho bé trai và bé gái Magickids Quần áo trẻ em",/Áo-khoác-trẻ-em-hình-cá-voi-dễ-thương-áo-khoác-chống-nắng-cho-bé-trai-và-bé-gái-Magickids-Quần-áo-trẻ-em-i.92907330.4421241748?sp_atk=703b6eb0-5716-4bc1-863a-5dc9d83040dc&xptdk=703b6eb0-5716-4bc1-863a-5dc9d83040dc,154800.0,5,990720000.0
"Keycap PBT XDA Game Boy, Retro 9009 nút bàn phím cơ phù hợp nhiều layout bàn phím cơ bản",/Keycap-PBT-XDA-Game-Boy-Retro-9009-nút-bàn-phím-cơ-phù-hợp-nhiều-layout-bàn-phím-cơ-bản-i.14890799.13493482220?sp_atk=49f8b03b-c9d8-41b0-b159-9d4d19a452ff&xptdk=49f8b03b-c9d8-41b0-b159-9d4d19a452ff,214000.0,5,57994000.0
"Boot Nữ , Boot lưới Cao Cổ Lưới Gót 10p Mũi Vuông Sắt (fullbox loại 1)",/Boot-Nữ-Boot-lưới-Cao-Cổ-Lưới-Gót-10p-Mũi-Vuông-Sắt-(fullbox-loại-1)-i.11371200.9561604226?sp_atk=f5e32dff-83c9-4552-a968-cc092c0155bb&xptdk=f5e32dff-83c9-4552-a968-cc092c0155bb,519000.0,5,180612000.0
Giá đỡ kẹp điện thoại cho tay cầm chơi game PS4 kích thước có thể điều chỉnh tiện dụng,/Giá-đỡ-kẹp-điện-thoại-cho-tay-cầm-chơi-game-PS4-kích-thước-có-thể-điều-chỉnh-tiện-dụng-i.240841832.17673264329?sp_atk=9a53b7af-3536-44e3-906f-1e5478a68693&xptdk=9a53b7af-3536-44e3-906f-1e5478a68693,54100.0,5,3949300.0
Áo Khoác Có Mũ Trùm Đơn Giản Dễ Phối Đồ Cho Bé Sơ Sinh,/Áo-Khoác-Có-Mũ-Trùm-Đơn-Giản-Dễ-Phối-Đồ-Cho-Bé-Sơ-Sinh-i.373481033.23310925477?sp_atk=d7631a7a-1dc6-4637-a483-9115d995d3f8&xptdk=d7631a7a-1dc6-4637-a483-9115d995d3f8,145500.0,5,56017500.0
"(110,120,150)Gile nỉ cá họa tiết trái tim 2 màu AD2 (không kèm áo thun trắng)",/(110-120-150)Gile-nỉ-cá-họa-tiết-trái-tim-2-màu-AD2-(không-kèm-áo-thun-trắng)-i.24690648.19842112941?sp_atk=c7c0c0df-1338-448c-81f6-b474f5278c88&xptdk=c7c0c0df-1338-448c-81f6-b474f5278c88,84150.0,5,5722200.0
🔥có hàng sẵn🔥 Giày Bốt Martin Phong Cách Mới 2023 Dễ Phối Đồ Thời Trang Xuân Thu Cho Nữ TTH455,/🔥có-hàng-sẵn🔥-Giày-Bốt-Martin-Phong-Cách-Mới-2023-Dễ-Phối-Đồ-Thời-Trang-Xuân-Thu-Cho-Nữ-TTH455-i.619005613.18366091816?sp_atk=87349e73-7f6a-49d1-b5f6-c3319f34fb3a&xptdk=87349e73-7f6a-49d1-b5f6-c3319f34fb3a,180800.0,5,137769600.0
Tay rời 38 Cm Hỗ trợ cho các mã giá treo M051 M052 M054 M063 M073,/Tay-rời-38-Cm-Hỗ-trợ-cho-các-mã-giá-treo-M051-M052-M054-M063-M073-i.490984917.12630834877?sp_atk=98054bf2-bc72-4686-95b3-c35b1d23e219&xptdk=98054bf2-bc72-4686-95b3-c35b1d23e219,185000.0,5,40700000.0
Áo khoác tai thỏ Luxry vải sợi tre cao cấp cho bé trai bé gái(6-23kg),/Áo-khoác-tai-thỏ-Luxry-vải-sợi-tre-cao-cấp-cho-bé-trai-bé-gái(6-23kg)-i.296644508.8517074028?sp_atk=3501e7e1-64d9-4317-b770-5f6cc723bc04&xptdk=3501e7e1-64d9-4317-b770-5f6cc723bc04,165000.0,5,44055000.0
"Đầu Jack Nối Nguồn AC 3 Chân Loại Đực Cái chịu được dòng điện 250V, cường độ dòng điện 10A.",/Đầu-Jack-Nối-Nguồn-AC-3-Chân-Loại-Đực-Cái-chịu-được-dòng-điện-250V-cường-độ-dòng-điện-10A.-i.41529295.15784631154?sp_atk=2f0e88fc-c7a7-4f86-aea6-9f1a41503424&xptdk=2f0e88fc-c7a7-4f86-aea6-9f1a41503424,14000.0,5,89600000.0
"Bốt nữ cao cổ WOMEN STORY boots lót nỉ da mềm,boot khóa kéo sau đế vuông 6cm, 3 màu đen nude và be boost mùa đông WS2021",/Bốt-nữ-cao-cổ-WOMEN-STORY-boots-lót-nỉ-da-mềm-boot-khóa-kéo-sau-đế-vuông-6cm-3-màu-đen-nude-và-be-boost-mùa-đông-WS2021-i.823888361.18134983382?sp_atk=6fb136ac-1b80-4336-a435-5a4a86d52f5d&xptdk=6fb136ac-1b80-4336-a435-5a4a86d52f5d,239400.0,5,766080000.0
"VESA ADAPTER màn hình DELL S2440L, S2340L, S2340M, S2240L, S2240M",/VESA-ADAPTER-màn-hình-DELL-S2440L-S2340L-S2340M-S2240L-S2240M-i.59614200.14455439995?sp_atk=1ca6c8cb-8ade-4e00-bdd6-8043a5b315ab&xptdk=1ca6c8cb-8ade-4e00-bdd6-8043a5b315ab,250000.0,5,36000000.0
Áo khoác gió cho bé trai in hoạ tiết năng động,/Áo-khoác-gió-cho-bé-trai-in-hoạ-tiết-năng-động-i.20145107.14589205454?sp_atk=6b4b8f90-6fd7-4607-849e-a22e75faca29&xptdk=6b4b8f90-6fd7-4607-849e-a22e75faca29,76500.0,5,27081000.0
Áo khoác thu đông hình gấu cute cho bé trai bé gái,/Áo-khoác-thu-đông-hình-gấu-cute-cho-bé-trai-bé-gái-i.32925564.18261974806?sp_atk=b871f5e9-f815-4434-9415-102e694c3a62&xptdk=b871f5e9-f815-4434-9415-102e694c3a62,171000.0,5,16074000.0
Giày Boots Nữ Da Bao Êm Bao Mềm Kiểu Dáng Đơn Giản Dễ Phối Đồ Đế 4cm - CV15,/Giày-Boots-Nữ-Da-Bao-Êm-Bao-Mềm-Kiểu-Dáng-Đơn-Giản-Dễ-Phối-Đồ-Đế-4cm-CV15-i.11650953.18550248900?sp_atk=bb9b1c8a-5446-4789-a945-aea150b300e5&xptdk=bb9b1c8a-5446-4789-a945-aea150b300e5,199000.0,5,16716000.0
Giá treo màn hình NB F80 dùng cho màn hình từ 17-30 Inch - Arm màn hình F80,/Giá-treo-màn-hình-NB-F80-dùng-cho-màn-hình-từ-17-30-Inch-Arm-màn-hình-F80-i.861950780.15093385148?sp_atk=160743be-4514-4618-96aa-2a7e1d47b2c3&xptdk=160743be-4514-4618-96aa-2a7e1d47b2c3,320000.0,5,86400000.0
Áo choàng công chúa cho bé gái đủ size siêu yêu 2022,/Áo-choàng-công-chúa-cho-bé-gái-đủ-size-siêu-yêu-2022-i.136238979.14171921983?sp_atk=d17de180-427d-4801-8662-0daca08d4126&xptdk=d17de180-427d-4801-8662-0daca08d4126,155430.0,5,52224480.0
"Áo chống nắng cho bé, áo chống nắng toàn thân",/Áo-chống-nắng-cho-bé-áo-chống-nắng-toàn-thân-i.65530896.17876835080?sp_atk=f2a318e6-52df-4cfd-acbb-a5241f80b11b&xptdk=f2a318e6-52df-4cfd-acbb-a5241f80b11b,69000.0,5,12903000.0
"[ Size 35- 40, có video ] Giày boot nữ đùi chất da PU lì 2 màu ĐEN, ĐỎ cao 15cm đế đúp ống SIÊU DÀI GCC118",/-Size-35-40-có-video-Giày-boot-nữ-đùi-chất-da-PU-lì-2-màu-ĐEN-ĐỎ-cao-15cm-đế-đúp-ống-SIÊU-DÀI-GCC118-i.33907797.16487375972?sp_atk=f9d37e99-f958-4516-9254-c2e1179db9b6&xptdk=f9d37e99-f958-4516-9254-c2e1179db9b6,700000.0,5,81200000.0
Giá Treo Màn Hình (Gắn Tường) F03 Xoay 360 Độ 17 - 32 Inch,/Giá-Treo-Màn-Hình-(Gắn-Tường)-F03-Xoay-360-Độ-17-32-Inch-i.153514599.5315346554?sp_atk=5cbdb7d0-a545-4ca4-8c24-6b7676bc69bf&xptdk=5cbdb7d0-a545-4ca4-8c24-6b7676bc69bf,62000.0,5,23684000.0
"Áo choàng chống nắng cho bé trai, gái  miniumbabyfashion, kiểu cánh dơi trẻ em chất cotton-ACKLCAM",/Áo-choàng-chống-nắng-cho-bé-trai-gái-miniumbabyfashion-kiểu-cánh-dơi-trẻ-em-chất-cotton-ACKLCAM-i.329912487.3263094599?sp_atk=9ee90fbd-1482-4724-9d7b-c901cf2b0740&xptdk=9ee90fbd-1482-4724-9d7b-c901cf2b0740,144000.0,5,144000000.0
Dây dán velcro buộc dây (15cm),/Dây-dán-velcro-buộc-dây-(15cm)-i.143090850.2255386982?sp_atk=2c93913c-2771-4d36-8af1-23708c8bd080&xptdk=2c93913c-2771-4d36-8af1-23708c8bd080,50000.0,5,65000000.0
Giày Bốt Martin Gót Vuông Đế Độn 5cm Phong Cách Anh Quốc Cổ Lửng Bóng Mờ,/Giày-Bốt-Martin-Gót-Vuông-Đế-Độn-5cm-Phong-Cách-Anh-Quốc-Cổ-Lửng-Bóng-Mờ-i.165388984.7767943558?sp_atk=7d2deb4e-4686-40dd-aa7a-272264bc02a0&xptdk=7d2deb4e-4686-40dd-aa7a-272264bc02a0,129000.0,5,696600000.0
"Kệ Kê Màn Hình Máy Tính, Tivi Gỗ HMR ( MDF Chống Ẩm), Màu Đen, Đỏ, Trắng. Có Bán Chân Kê Và Mặt Rời",/Kệ-Kê-Màn-Hình-Máy-Tính-Tivi-Gỗ-HMR-(-MDF-Chống-Ẩm)-Màu-Đen-Đỏ-Trắng.-Có-Bán-Chân-Kê-Và-Mặt-Rời-i.794702732.21034043119?sp_atk=b6d70a73-f8ee-4f4f-884c-7aa9d841212f&xptdk=b6d70a73-f8ee-4f4f-884c-7aa9d841212f,200500.0,5,45112500.0
Áo khoác nhẹ Arich vải sợi tre cao cấp cho bé trai bé gái(8-22kg),/Áo-khoác-nhẹ-Arich-vải-sợi-tre-cao-cấp-cho-bé-trai-bé-gái(8-22kg)-i.296644508.7861481441?sp_atk=7baa709d-1a97-4d72-b8b5-fe9dda980ae2&xptdk=7baa709d-1a97-4d72-b8b5-fe9dda980ae2,169750.0,5,41758500.0
LOA CHẾ MINI DÀNH CHO LAPTOP TINY PC 1.25 3W 4R CHẤT GIỌNG TỐT TO,/LOA-CHẾ-MINI-DÀNH-CHO-LAPTOP-TINY-PC-1.25-3W-4R-CHẤT-GIỌNG-TỐT-TO-i.128849317.21531890073?sp_atk=d3f2aafc-f524-48b6-ba2f-ccfae4c7ba4d&xptdk=d3f2aafc-f524-48b6-ba2f-ccfae4c7ba4d,30000.0,5,10320000.0
"Bốt đùi nữ 5 phân ,bốt da quảng châu loại 1 (dành cho người bắp chân to)",/Bốt-đùi-nữ-5-phân-bốt-da-quảng-châu-loại-1-(dành-cho-người-bắp-chân-to)-i.126877539.21736774219?sp_atk=fa4ce744-87b0-47d6-95e4-7e43747b56d6&xptdk=fa4ce744-87b0-47d6-95e4-7e43747b56d6,229000.0,5,458000000.0
Bình xịt bụi khí nén ( Bình Xịt Bụi Khí Nén Loại Cao Cấp hãng ihome Cực Mạnh ),/Bình-xịt-bụi-khí-nén-(-Bình-Xịt-Bụi-Khí-Nén-Loại-Cao-Cấp-hãng-ihome-Cực-Mạnh-)-i.22702511.19341736675?sp_atk=5b110d0f-2115-4383-bd45-860773346c07&xptdk=5b110d0f-2115-4383-bd45-860773346c07,175000.0,5,29225000.0
Móc chìa khóa inox không gỉ các clb bóng đá chelsea Arsenal Real Madrid barcelona,/Móc-chìa-khóa-inox-không-gỉ-các-clb-bóng-đá-chelsea-Arsenal-Real-Madrid-barcelona-i.41860528.1368344472?sp_atk=978cbacc-6124-4b91-b38e-dea41b0fac4a&xptdk=978cbacc-6124-4b91-b38e-dea41b0fac4a,41000.0,5,151700000.0
Đồng Hồ Thông Minh Y68 Thay Được Hình Nền Phù Hợp Cả Nam Và Nữ Tùy Ý Kết Nối Bluetooth Bản Cao Cấp Bảo Hành 12 Tháng,/Đồng-Hồ-Thông-Minh-Y68-Thay-Được-Hình-Nền-Phù-Hợp-Cả-Nam-Và-Nữ-Tùy-Ý-Kết-Nối-Bluetooth-Bản-Cao-Cấp-Bảo-Hành-12-Tháng-i.924949799.19769800663?sp_atk=10626fff-df23-4826-b844-be54abd7ff3f&xptdk=10626fff-df23-4826-b844-be54abd7ff3f,41000.0,5,24600000.0
Len Milk Cotton 50g bảng 62 màu 50gr,/Len-Milk-Cotton-50g-bảng-62-màu-50gr-i.255157117.20024078134?sp_atk=356ab58b-661e-4713-a061-2a67ec4c6112&xptdk=356ab58b-661e-4713-a061-2a67ec4c6112,13700.0,5,1985130000.0
Quần đùi nữ cạp cao 2 cúc lệch khóa thật ống rộng - Quần short nữ lưng cao vải tuyết mưa dày mềm co giãn nhẹ mặc ở nhà,/Quần-đùi-nữ-cạp-cao-2-cúc-lệch-khóa-thật-ống-rộng-Quần-short-nữ-lưng-cao-vải-tuyết-mưa-dày-mềm-co-giãn-nhẹ-mặc-ở-nhà-i.345566807.22020965966?sp_atk=65532fc9-8c37-4960-8074-eba1535308b0&xptdk=65532fc9-8c37-4960-8074-eba1535308b0,59000.0,5,135700000.0
[Cao Cấp] Vòng Chống Lăn Micro BBS kèm Đầu Bọc Mic loại Hàng Loại 1 Chất Lượng Cao,/-Cao-Cấp-Vòng-Chống-Lăn-Micro-BBS-kèm-Đầu-Bọc-Mic-loại-Hàng-Loại-1-Chất-Lượng-Cao-i.291524130.21959808809?sp_atk=1a673c4f-5dae-4cf8-8200-a9f4ae6c4048&xptdk=1a673c4f-5dae-4cf8-8200-a9f4ae6c4048,40000.0,5,25760000.0
"Pin Sạc Dự Phòng LED 20000mAh ROBOT RT22, 2 Input Micro/Type C & 2 Output USB",/Pin-Sạc-Dự-Phòng-LED-20000mAh-ROBOT-RT22-2-Input-Micro-Type-C-2-Output-USB-i.185917181.17370358221?sp_atk=bf1fa5c2-fa92-4da9-89be-2cb62ced4ded&xptdk=bf1fa5c2-fa92-4da9-89be-2cb62ced4ded,349000.0,5,2792000.0
Cáp sạc nhanh Essager Type C 60W/100W cho Samsung S22 S21 Ultra Xiaomi Mi 12,/Cáp-sạc-nhanh-Essager-Type-C-60W-100W-cho-Samsung-S22-S21-Ultra-Xiaomi-Mi-12-i.211133030.21304354288?sp_atk=cbd8ca14-5b5f-411a-af4e-4d37df1a13e5&xptdk=cbd8ca14-5b5f-411a-af4e-4d37df1a13e5,58500.0,5,1655550000.0
"Máy nướng bánh mì sandwich SEKA, Máy kẹp nướng bánh mì nướng nhanh chín đều, chống dính tốt",/Máy-nướng-bánh-mì-sandwich-SEKA-Máy-kẹp-nướng-bánh-mì-nướng-nhanh-chín-đều-chống-dính-tốt-i.934690420.23017391494?sp_atk=890909cc-1be0-42be-84fe-72e50753d689&xptdk=890909cc-1be0-42be-84fe-72e50753d689,249000.0,5,448200000.0
Máy Bay Điều Khiển Từ Xa Flycam E88 Camera  Quadcopter UAV Với Bản Nâng Cấp,/Máy-Bay-Điều-Khiển-Từ-Xa-Flycam-E88-Camera-Quadcopter-UAV-Với-Bản-Nâng-Cấp-i.36462866.21164594158?sp_atk=200304d2-6d4d-4e63-805b-3a4857a23fcf&xptdk=200304d2-6d4d-4e63-805b-3a4857a23fcf,440550.0,5,96039900.0
"Quần lót nam in hình thun lạnh, quần sịp đùi nam thun lạnh hoạt hình doremon, cờ mỹ",/Quần-lót-nam-in-hình-thun-lạnh-quần-sịp-đùi-nam-thun-lạnh-hoạt-hình-doremon-cờ-mỹ-i.132131867.8674884291?sp_atk=b75637b0-abf2-40ad-acd0-a0ef5fcc82a2&xptdk=b75637b0-abf2-40ad-acd0-a0ef5fcc82a2,25000.0,5,82500000.0
"ẤM ĐUN NƯỚC SIÊU TỐC INOX GIÁ TỐT, siêu đun nước sôi",/ẤM-ĐUN-NƯỚC-SIÊU-TỐC-INOX-GIÁ-TỐT-siêu-đun-nước-sôi-i.460181824.9781894886?sp_atk=e98e4f2e-78fb-4275-8712-09f0985a51f5&xptdk=e98e4f2e-78fb-4275-8712-09f0985a51f5,65999.0,5,27653581.0
Quần lót nữ đúc su non không đường may cao cấp mềm mại kháng khuẩn QL20,/Quần-lót-nữ-đúc-su-non-không-đường-may-cao-cấp-mềm-mại-kháng-khuẩn-QL20-i.52423085.2393503483?sp_atk=37ccba0c-2061-473d-a7b7-a48a46698f88&xptdk=37ccba0c-2061-473d-a7b7-a48a46698f88,9450.0,5,945000000.0
Miếng Dán Điện Thoại Tài Lộc Bình An Dán Điện Thoại Máy Tính Bảng,/Miếng-Dán-Điện-Thoại-Tài-Lộc-Bình-An-Dán-Điện-Thoại-Máy-Tính-Bảng-i.33809294.8094876088?sp_atk=ee6de7f6-e065-4ea5-9cc4-a006efeae5b4&xptdk=ee6de7f6-e065-4ea5-9cc4-a006efeae5b4,4425.0,5,113280000.0
Bóng Chuyền Cao Su Geru V5 Tặng Kim Bơm + Lưới Đựng Bóng ( Chính Hãng 100% ),/Bóng-Chuyền-Cao-Su-Geru-V5-Tặng-Kim-Bơm-Lưới-Đựng-Bóng-(-Chính-Hãng-100-)-i.800600199.19827340060?sp_atk=da7634c6-faa2-469f-be61-0e7425096594&xptdk=da7634c6-faa2-469f-be61-0e7425096594,88000.0,5,76208000.0
(Giá tốt)Mới Box sạc dự phòng mica trong suốt mạch sạc nhanh QC 3.0 chip W332,/(Giá-tốt)Mới-Box-sạc-dự-phòng-mica-trong-suốt-mạch-sạc-nhanh-QC-3.0-chip-W332-i.62294729.2347429637?sp_atk=b795f4d6-1471-467b-98c3-a884b53f134d&xptdk=b795f4d6-1471-467b-98c3-a884b53f134d,219000.0,5,262800000.0
Màn Hình Cảm Ứng LCD Thay Thế Chuyên Dụng Cho Samsung Galaxy A51 LCD A515 A515F / DS A515FD A515,/Màn-Hình-Cảm-Ứng-LCD-Thay-Thế-Chuyên-Dụng-Cho-Samsung-Galaxy-A51-LCD-A515-A515F-DS-A515FD-A515-i.804211674.19917606421?sp_atk=70656124-359a-4558-b13d-66738f27f02b&xptdk=70656124-359a-4558-b13d-66738f27f02b,592813.5,5,86550771.0
Giấy hoàng chỉ giấy vẽ bùa phù chú,/Giấy-hoàng-chỉ-giấy-vẽ-bùa-phù-chú-i.251402500.18723430876?sp_atk=4f884c7f-6570-418b-a3f8-ca91db59f39a&xptdk=4f884c7f-6570-418b-a3f8-ca91db59f39a,110000.0,5,91630000.0
Áo Bra Đúc Su Trơn Quây 2 Dây,/Áo-Bra-Đúc-Su-Trơn-Quây-2-Dây-i.143506289.2167591969?sp_atk=91b58f5a-fdf0-4345-a719-75b20f959699&xptdk=91b58f5a-fdf0-4345-a719-75b20f959699,16350.0,5,1412640000.0
"Quần lót nam, quần boxer chất thun lạnh mềm mịn siêu mát, thấm hút mồ hôi - la.co.s 02 - ARES SHOP",/Quần-lót-nam-quần-boxer-chất-thun-lạnh-mềm-mịn-siêu-mát-thấm-hút-mồ-hôi-la.co.s-02-ARES-SHOP-i.62971107.20708302957?sp_atk=99872949-0cba-48ba-8d49-a91bd249b223&xptdk=99872949-0cba-48ba-8d49-a91bd249b223,90000.0,5,1197000000.0
Gấu dâu tây ốp lưng iPhone 14 XR 13 11 12 Pro Max 8 7 6 6S 6S Plus X Xs Max Se 2020 13 12 11Biến động,/Gấu-dâu-tây-ốp-lưng-iPhone-14-XR-13-11-12-Pro-Max-8-7-6-6S-6S-Plus-X-Xs-Max-Se-2020-13-12-11Biến-động-i.874230690.22223014347?sp_atk=4ddf22ce-c2de-440e-b5d1-16c47eb1e0b5&xptdk=4ddf22ce-c2de-440e-b5d1-16c47eb1e0b5,15800.0,5,44240000.0
"COLORKEY Watery Matte Lip Tint, Son Watertint, chất son tint bóng nước sau 40 giây lớp tint bóng sẽ trở thành lớp nhung mờ lì không trôi, 1 cây son 1.8g",/COLORKEY-Watery-Matte-Lip-Tint-Son-Watertint-chất-son-tint-bóng-nước-sau-40-giây-lớp-tint-bóng-sẽ-trở-thành-lớp-nhung-mờ-lì-không-trôi-1-cây-son-1.8g-i.379382494.12087565736?sp_atk=0ea9d412-bbe2-4029-b4a8-7ef11018754e&xptdk=0ea9d412-bbe2-4029-b4a8-7ef11018754e,138000.0,5,21790200000.0
"Áo Khoác Dù Dày thêu Logo FS cao cấp, 02 bên tui có khóa kéo có túi trong (nhiều màu) AKDU004",/Áo-Khoác-Dù-Dày-thêu-Logo-FS-cao-cấp-02-bên-tui-có-khóa-kéo-có-túi-trong-(nhiều-màu)-AKDU004-i.54308152.3790976157?sp_atk=38a032b9-62f2-4c4c-ac56-0393a274173d&xptdk=38a032b9-62f2-4c4c-ac56-0393a274173d,149000.0,5,253300000.0
"Quần bò jean ống rộng mềm, dáng suông bé gái size đại 20 - 50kg Bongkids_87",/Quần-bò-jean-ống-rộng-mềm-dáng-suông-bé-gái-size-đại-20-50kg-Bongkids_87-i.421606482.12189546224?sp_atk=9fcb2a0f-b4eb-4697-a3d8-8b2e501a222e&xptdk=9fcb2a0f-b4eb-4697-a3d8-8b2e501a222e,125000.0,5,1037500000.0
[ TẶNG 1 QUẦN SU ] Áo Cúp Ngực Selala Đệm Tim Chống Tụt Không Dây Đẩy Ngực AC04,/-TẶNG-1-QUẦN-SU-Áo-Cúp-Ngực-Selala-Đệm-Tim-Chống-Tụt-Không-Dây-Đẩy-Ngực-AC04-i.479357841.3394276510?sp_atk=42e85936-87d6-4d4a-9a52-20bac6f1ef6b&xptdk=42e85936-87d6-4d4a-9a52-20bac6f1ef6b,99000.0,5,6009300000.0
Đế Tròn Bát Hương các loại(gỗ hương100%),/Đế-Tròn-Bát-Hương-các-loại(gỗ-hương100-)-i.522631680.17308684941?sp_atk=b714a49a-1928-4707-8cfa-1e0528f1e6dc&xptdk=b714a49a-1928-4707-8cfa-1e0528f1e6dc,180500.0,5,58662500.0
Kệ Giá Lọc Rác Bồn Rửa Chén Bát Kệ Đựng Đồ Rửa Chén Lọc Rác Thiên Nga,/Kệ-Giá-Lọc-Rác-Bồn-Rửa-Chén-Bát-Kệ-Đựng-Đồ-Rửa-Chén-Lọc-Rác-Thiên-Nga-i.49133418.16017993125?sp_atk=659a8078-02ef-4886-945d-056b2fc77289&xptdk=659a8078-02ef-4886-945d-056b2fc77289,9900.0,5,7019100.0
Đồ bộ bé gái ❤️ bộ ngố lửng bé gái size đại 25-45kg thun lạnh 3D cotton Jennie kids J472,/Đồ-bộ-bé-gái-❤️-bộ-ngố-lửng-bé-gái-size-đại-25-45kg-thun-lạnh-3D-cotton-Jennie-kids-J472-i.2030295.11676531334?sp_atk=363eb996-95ba-488e-bad7-0bc5852a67a1&xptdk=363eb996-95ba-488e-bad7-0bc5852a67a1,112975.0,5,994180000.0
[GIÁ SỈ] Bộ 8 Quần lót nam THUN LẠNH LƯNG NHỎ ERIVIS - Hàng Việt Nam cao cấp,/-GIÁ-SỈ-Bộ-8-Quần-lót-nam-THUN-LẠNH-LƯNG-NHỎ-ERIVIS-Hàng-Việt-Nam-cao-cấp-i.18100749.2003290529?sp_atk=0b512852-741f-4bc3-a815-3c673d18e7f9&xptdk=0b512852-741f-4bc3-a815-3c673d18e7f9,171500.0,5,720300000.0
Nụ Trầm Hương khói tỏa ngược cao cấp hình tháp cháy 30 phút viên dành cho thác khói,/Nụ-Trầm-Hương-khói-tỏa-ngược-cao-cấp-hình-tháp-cháy-30-phút-viên-dành-cho-thác-khói-i.156024186.5223459835?sp_atk=2868671f-263f-4b2d-bd20-a1b92f911b07&xptdk=2868671f-263f-4b2d-bd20-a1b92f911b07,140000.0,5,182000000.0
Combo 3kg Khoai lang tím [SHIP Hoả Tốc & Toàn Quốc] (Purple Sweet Potato),/Combo-3kg-Khoai-lang-tím-SHIP-Hoả-Tốc-Toàn-Quốc-(Purple-Sweet-Potato)-i.68962791.18937999753?sp_atk=4e3e2081-21b1-4b0f-a930-82c154a2bf98&xptdk=4e3e2081-21b1-4b0f-a930-82c154a2bf98,75000.0,5,32475000.0
[Chính hãng King Kong ] Iphone 15 | 14 | 13 | 12 | 11 Pro Max | Xs max | Xr X 8plus 7 plus 8 7 6 Kính cường lực full màn,/-Chính-hãng-King-Kong-Iphone-15-14-13-12-11-Pro-Max-Xs-max-Xr-X-8plus-7-plus-8-7-6-Kính-cường-lực-full-màn-i.12531155.9741732669?sp_atk=99e89c19-609b-43ca-a635-1a3bcb5842b2&xptdk=99e89c19-609b-43ca-a635-1a3bcb5842b2,15000.0,5,534000000.0
Quần Ống Rộng KaKi Unisex Túi Hộp ZIA Cạp Cao Nữ Lên From Xinh,/Quần-Ống-Rộng-KaKi-Unisex-Túi-Hộp-ZIA-Cạp-Cao-Nữ-Lên-From-Xinh-i.852268187.23626303456?sp_atk=a2f7f918-9a73-4999-abe4-bb0dbae1b9f4&xptdk=a2f7f918-9a73-4999-abe4-bb0dbae1b9f4,87600.0,5,58341600.0
"Tai Nghe Phone Nghe Nhạc Chơi Game QKZ AK2 Pro 2023 Mới Nhất Âm Thanh Super Bass, Dây Chống Rối, Có Mic Đàm Thoại",/Tai-Nghe-Phone-Nghe-Nhạc-Chơi-Game-QKZ-AK2-Pro-2023-Mới-Nhất-Âm-Thanh-Super-Bass-Dây-Chống-Rối-Có-Mic-Đàm-Thoại-i.12208293.7431919711?sp_atk=c57a2224-3d0d-422f-87cd-f486d0c22fe7&xptdk=c57a2224-3d0d-422f-87cd-f486d0c22fe7,79000.0,5,2164600000.0
"Chốt ecang loa, chốt mặt nạ loa, chốt lưới loa chất liệu nhựa rẻ dễ làm",/Chốt-ecang-loa-chốt-mặt-nạ-loa-chốt-lưới-loa-chất-liệu-nhựa-rẻ-dễ-làm-i.121774202.13647806213?sp_atk=0a321f12-71ef-4764-b3c4-866c781366f4&xptdk=0a321f12-71ef-4764-b3c4-866c781366f4,1200.0,5,6360000.0
"Áo Thun Polo Nam Ngắn Tay Chuẩn Hàng Xuất, Áo Polo Nam Cộc Tay Ngắn Cao Cấp Vicenzo Vải Mềm Mịn Thoáng Mát",/Áo-Thun-Polo-Nam-Ngắn-Tay-Chuẩn-Hàng-Xuất-Áo-Polo-Nam-Cộc-Tay-Ngắn-Cao-Cấp-Vicenzo-Vải-Mềm-Mịn-Thoáng-Mát-i.279899189.8372011057?sp_atk=f91f38d3-d8bb-4278-96c0-6181ebb0004f&xptdk=f91f38d3-d8bb-4278-96c0-6181ebb0004f,97000.0,5,504400000.0
Sạc Apple 20W USB-C Power Adapter,/Sạc-Apple-20W-USB-C-Power-Adapter-i.88201679.9919008756?sp_atk=5f7d4874-bb97-4c2f-b4bf-897e1b6a0e61&xptdk=5f7d4874-bb97-4c2f-b4bf-897e1b6a0e61,479000.0,5,13076700000.0
"[ Máy Màu Đen ]Máy đánh bọt cafe, đánh trứng Sokany Cầm tay 3 tốc độ đánh tiện lợi",/-Máy-Màu-Đen-Máy-đánh-bọt-cafe-đánh-trứng-Sokany-Cầm-tay-3-tốc-độ-đánh-tiện-lợi-i.1592900.9175643484?sp_atk=fdc911b1-5e4f-4cb0-9c5b-d1b04abd50e9&xptdk=fdc911b1-5e4f-4cb0-9c5b-d1b04abd50e9,121000.0,5,26257000.0
Manga Wall A6 Có Keo - Combo 50 Tấm Hình Dán Tường Trang Trí Bàn Học Poster Truyện Tranh Set 100 Tờ Giấy Anime Mangawall,/Manga-Wall-A6-Có-Keo-Combo-50-Tấm-Hình-Dán-Tường-Trang-Trí-Bàn-Học-Poster-Truyện-Tranh-Set-100-Tờ-Giấy-Anime-Mangawall-i.240503433.21072561111?sp_atk=821b2a82-05c0-4102-be03-430d5fca31e0&xptdk=821b2a82-05c0-4102-be03-430d5fca31e0,42000.0,5,23520000.0
Hộp 5 Quần Lót Nam Chéo Thông Hơi Xuất Nhật,/Hộp-5-Quần-Lót-Nam-Chéo-Thông-Hơi-Xuất-Nhật-i.17330949.2064908026?sp_atk=ac59be90-e2c1-43a1-82da-feb9e83634b0&xptdk=ac59be90-e2c1-43a1-82da-feb9e83634b0,62750.0,5,2779825000.0
Vòng tay silicone vòng tay bóng rổ cao su phản quang MJ Stephen Curry,/Vòng-tay-silicone-vòng-tay-bóng-rổ-cao-su-phản-quang-MJ-Stephen-Curry-i.14946198.3915262878?sp_atk=c1f42774-3668-4fa1-9047-85e9ac7b3b6b&xptdk=c1f42774-3668-4fa1-9047-85e9ac7b3b6b,13000.0,5,74100000.0
Ốp lưng iphone hình điện thoại Lotso 6/6splus/7/7plus/8/8plus/x/xs/11/12/13/14/pro/max/plus/promax- Awifi A5-22,/Ốp-lưng-iphone-hình-điện-thoại-Lotso-6-6splus-7-7plus-8-8plus-x-xs-11-12-13-14-pro-max-plus-promax-Awifi-A5-22-i.7669738.23208840198?sp_atk=57f08b91-01ec-431e-abbe-646644debca7&xptdk=57f08b91-01ec-431e-abbe-646644debca7,9000.0,5,265500000.0
Kính cường lực 9H bảo vệ cho Căn cước công dân - CCCD gắn chíp bao bể vỡ chống xước - chống nước - chống vân tay,/Kính-cường-lực-9H-bảo-vệ-cho-Căn-cước-công-dân-CCCD-gắn-chíp-bao-bể-vỡ-chống-xước-chống-nước-chống-vân-tay-i.51979390.18817660412?sp_atk=1d03d07e-a6a6-4dcc-ac52-ef529411ba8d&xptdk=1d03d07e-a6a6-4dcc-ac52-ef529411ba8d,11500.0,5,178250000.0
Quần sịp tam giác nam chất liệu Cotton mềm mại co giãn 4 chiều,/Quần-sịp-tam-giác-nam-chất-liệu-Cotton-mềm-mại-co-giãn-4-chiều-i.78677915.8461006362?sp_atk=8f6ae8ac-853a-4aa7-b46f-fbb01ddaf1d3&xptdk=8f6ae8ac-853a-4aa7-b46f-fbb01ddaf1d3,10000.0,5,150000000.0
"Dụng cụ cắt tỉa lông mũi  bằng thép không gỉ lưỡi sắc bén hộp cao cấp, máy cắt lông mũi an toàn tiện lợi kèm cọ vệ sinh",/Dụng-cụ-cắt-tỉa-lông-mũi-bằng-thép-không-gỉ-lưỡi-sắc-bén-hộp-cao-cấp-máy-cắt-lông-mũi-an-toàn-tiện-lợi-kèm-cọ-vệ-sinh-i.268218869.7381221071?sp_atk=8b7c0846-d927-46cd-9696-b58e18b51e7a&xptdk=8b7c0846-d927-46cd-9696-b58e18b51e7a,47900.0,5,1518430000.0
Quần Legging Cho Bé Gái Dáng Đùi Form Cực Xinh BabyBoo - PiBo Store-T2,/Quần-Legging-Cho-Bé-Gái-Dáng-Đùi-Form-Cực-Xinh-BabyBoo-PiBo-Store-T2-i.378303014.23305475996?sp_atk=21a161ae-38dc-4d5d-b54b-29cfb08a626b&xptdk=21a161ae-38dc-4d5d-b54b-29cfb08a626b,32450.0,5,129800000.0
"Ấm siêu tốc đun vước 1.8 Lít , ấm đun siêu tốc giá rẻ sập sàn",/Ấm-siêu-tốc-đun-vước-1.8-Lít-ấm-đun-siêu-tốc-giá-rẻ-sập-sàn-i.800548869.18751301025?sp_atk=d229867a-c23a-4e62-a303-5c36b4edb2b3&xptdk=d229867a-c23a-4e62-a303-5c36b4edb2b3,65900.0,5,210880000.0
Sách - Bộ tranh treo tường song ngữ Anh Việt 14 chủ đề cho bé,/Sách-Bộ-tranh-treo-tường-song-ngữ-Anh-Việt-14-chủ-đề-cho-bé-i.766657217.21818342223?sp_atk=6e878153-c25b-430e-a816-2e5a06feb978&xptdk=6e878153-c25b-430e-a816-2e5a06feb978,49000.0,5,16170000.0
"Set 100 Màng Bọc Thực Phẩm PE Có Chun Bo Tái Sử Dụng Được Nhiều Lần, sử dụng nhanh gọn, tiện lợi",/Set-100-Màng-Bọc-Thực-Phẩm-PE-Có-Chun-Bo-Tái-Sử-Dụng-Được-Nhiều-Lần-sử-dụng-nhanh-gọn-tiện-lợi-i.117241758.12993371892?sp_atk=8a6a502c-22f3-4795-b80d-41ace7469bad&xptdk=8a6a502c-22f3-4795-b80d-41ace7469bad,13000.0,5,10465000.0
"Kệ để xoong nồi nhiều tầng, kệ để đồ gầm bếp và tủ bếp tiện lợi",/Kệ-để-xoong-nồi-nhiều-tầng-kệ-để-đồ-gầm-bếp-và-tủ-bếp-tiện-lợi-i.95251480.16488656143?sp_atk=89056bf3-d7ab-496e-ac31-6c2fbf413e09&xptdk=89056bf3-d7ab-496e-ac31-6c2fbf413e09,227345.0,5,216887130.0
"Quần Lót Nam Boxer Thun Lạnh Combo 4 Cái, Quần Sịp Nam Đùi Thun Lạnh Cao Cấp Co Giãn 4 Chiều Cực Thoáng Khí Kháng Khuẩn",/Quần-Lót-Nam-Boxer-Thun-Lạnh-Combo-4-Cái-Quần-Sịp-Nam-Đùi-Thun-Lạnh-Cao-Cấp-Co-Giãn-4-Chiều-Cực-Thoáng-Khí-Kháng-Khuẩn-i.200863656.8078460992?sp_atk=f284241c-fd1d-489c-8bf6-d67ba37b7be5&xptdk=f284241c-fd1d-489c-8bf6-d67ba37b7be5,92000.0,5,6467600000.0
1 Băng Trán Thể Thao - Headband chặn mồ hôi,/1-Băng-Trán-Thể-Thao-Headband-chặn-mồ-hôi-i.125699665.6039440779?sp_atk=4c6442e8-db87-453d-9440-01133bf2bd53&xptdk=4c6442e8-db87-453d-9440-01133bf2bd53,40000.0,5,320000000.0
Quần Short Jean Thêu Hoa A75 Cho Bé Gái - Jumping Beans Official Store,/Quần-Short-Jean-Thêu-Hoa-A75-Cho-Bé-Gái-Jumping-Beans-Official-Store-i.47064542.21765481792?sp_atk=e5d97215-51a0-4f5e-bd22-159aa7891d4a&xptdk=e5d97215-51a0-4f5e-bd22-159aa7891d4a,115000.0,5,138000000.0
Sách - Ehon kỹ năng sống - Chào hỏi lịch sự (TB 2021) (Nhã Nam HCM),/Sách-Ehon-kỹ-năng-sống-Chào-hỏi-lịch-sự-(TB-2021)-(Nhã-Nam-HCM)-i.404602141.12560638337?sp_atk=64c5ed22-31e0-45cb-b8bd-07942d77ccb4&xptdk=64c5ed22-31e0-45cb-b8bd-07942d77ccb4,44250.0,5,15753000.0
Nhang sạch thảo mộc hương sạch tự nhiên không hóa chất Mộc An hương trầm hương thảo mộc hương quế hương khuynh diệp,/Nhang-sạch-thảo-mộc-hương-sạch-tự-nhiên-không-hóa-chất-Mộc-An-hương-trầm-hương-thảo-mộc-hương-quế-hương-khuynh-diệp-i.169836991.16524499468?sp_atk=3a843e56-f258-43ea-92e0-8a1f91cb84d9&xptdk=3a843e56-f258-43ea-92e0-8a1f91cb84d9,81000.0,5,153900000.0
"Chai Nhựa Xịt Phun Sương, Trong Suốt",/Chai-Nhựa-Xịt-Phun-Sương-Trong-Suốt-i.710657062.21443518136?sp_atk=6b990956-c2eb-4d62-8679-6addcd0e67a6&xptdk=6b990956-c2eb-4d62-8679-6addcd0e67a6,3100.0,5,10850000.0
[1 năm] [E-Voucher] - Heart Service - Gói bảo dưỡng và chăm sóc máy lọc nước Coway tại nhà,/-1-năm-E-Voucher-Heart-Service-Gói-bảo-dưỡng-và-chăm-sóc-máy-lọc-nước-Coway-tại-nhà-i.365903060.3793347628?sp_atk=787ba98f-1213-4080-95e6-8a9b9c4161ca&xptdk=787ba98f-1213-4080-95e6-8a9b9c4161ca,3000000.0,5,63000000.0
[Evoucher & Dịch vụ] Dịch vụ phát hành Vòng tay thanh toán MB Hi Stellar - Bộ sưu tập Lời Ba Má Dặn,/-Evoucher-Dịch-vụ-Dịch-vụ-phát-hành-Vòng-tay-thanh-toán-MB-Hi-Stellar-Bộ-sưu-tập-Lời-Ba-Má-Dặn-i.867040476.25402230965?sp_atk=9193254c-8746-4f3d-a938-3143a94c2b6c&xptdk=9193254c-8746-4f3d-a938-3143a94c2b6c,396000.0,5,2376000.0
Toàn Quốc [E-Voucher] Prudential - Bảo hiểm PRU-Nhiệt Đới - Gói Cơ Bản,/Toàn-Quốc-E-Voucher-Prudential-Bảo-hiểm-PRU-Nhiệt-Đới-Gói-Cơ-Bản-i.323102473.11432844310?sp_atk=cd2827c0-00a1-47e6-8130-36179a226638&xptdk=cd2827c0-00a1-47e6-8130-36179a226638,80000.0,5,1280000000.0
Toàn Quốc [E-Voucher] Gas4.0 &more - Ưu đãi 50k cho sản phẩm bình Gas Phoenix 12kg,/Toàn-Quốc-E-Voucher-Gas4.0-more-Ưu-đãi-50k-cho-sản-phẩm-bình-Gas-Phoenix-12kg-i.804087581.19030927708?sp_atk=d763e330-b508-49a5-936b-48e15d737fcf&xptdk=d763e330-b508-49a5-936b-48e15d737fcf,1000.0,5,517000.0
"[E-Voucher] Bảo hiểm TNDS Xe máy bắt buộc, cấp GCN điện tử | Bảo hiểm Quân đội MIC",/-E-Voucher-Bảo-hiểm-TNDS-Xe-máy-bắt-buộc-cấp-GCN-điện-tử-Bảo-hiểm-Quân-đội-MIC-i.1072316755.25100257739?sp_atk=9cdeb377-c925-49e2-8850-6a789d2d75c0&xptdk=9cdeb377-c925-49e2-8850-6a789d2d75c0,129250.0,5,129250.0
[Evoucher & Dịch vụ] Dịch vụ phát hành Vòng tay thanh toán MB Hi Stellar - BST Một Thời Đã Qua,/-Evoucher-Dịch-vụ-Dịch-vụ-phát-hành-Vòng-tay-thanh-toán-MB-Hi-Stellar-BST-Một-Thời-Đã-Qua-i.867040476.24202231749?sp_atk=30004048-0b62-43be-b612-6c57182cf70d&xptdk=30004048-0b62-43be-b612-6c57182cf70d,396000.0,5,1188000.0
[E-Voucher] Gas4.0 &more – Ưu đãi 50k cho sản phẩm bình Gas Pacific 12kg,/-E-Voucher-Gas4.0-more-–-Ưu-đãi-50k-cho-sản-phẩm-bình-Gas-Pacific-12kg-i.804087581.18827735505?sp_atk=2cfb1a88-ed0f-47ad-87ea-8b387cb052d2&xptdk=2cfb1a88-ed0f-47ad-87ea-8b387cb052d2,1000.0,5,507000.0
[Evoucher & Dịch vụ] Dịch vụ phát hành Vòng tay thanh toán MB Hi Stellar - BST Slay Quá Đêyyy,/-Evoucher-Dịch-vụ-Dịch-vụ-phát-hành-Vòng-tay-thanh-toán-MB-Hi-Stellar-BST-Slay-Quá-Đêyyy-i.867040476.25352232079?sp_atk=a90b5b08-d6d1-404e-8369-fa02d22cc535&xptdk=a90b5b08-d6d1-404e-8369-fa02d22cc535,396000.0,5,2376000.0
TOÀN QUỐC [Voucher giấy] Bảo Hiểm Vật Chất + Cứu Hộ Xe Máy - Bảo Hiểm Toàn Cầu GIC,/TOÀN-QUỐC-Voucher-giấy-Bảo-Hiểm-Vật-Chất-Cứu-Hộ-Xe-Máy-Bảo-Hiểm-Toàn-Cầu-GIC-i.410977670.11301781125?sp_atk=9bfb3cf9-5a46-4b12-be8b-8d303fc4f09c&xptdk=9bfb3cf9-5a46-4b12-be8b-8d303fc4f09c,473000.0,5,2838000.0
[Evoucher & Dịch vụ] Dịch vụ phát hành Vòng tay thanh toán MB Hi Stellar - BST Graffiti,/-Evoucher-Dịch-vụ-Dịch-vụ-phát-hành-Vòng-tay-thanh-toán-MB-Hi-Stellar-BST-Graffiti-i.867040476.21186616638?sp_atk=5717da9b-f092-4378-9d36-3b9f2bcb9ad2&xptdk=5717da9b-f092-4378-9d36-3b9f2bcb9ad2,396000.0,5,1980000.0
Toàn quốc [E-voucher] Bảo hiểm TNDS bắt buộc xe ô tô kinh doanh vận tải - Bảo hiểm Quân đội MIC,/Toàn-quốc-E-voucher-Bảo-hiểm-TNDS-bắt-buộc-xe-ô-tô-kinh-doanh-vận-tải-Bảo-hiểm-Quân-đội-MIC-i.449191550.9283458716?sp_atk=8ada4313-5d7d-4e82-b27a-e20451afef42&xptdk=8ada4313-5d7d-4e82-b27a-e20451afef42,1104950.0,5,2209900.0
[Evoucher & Dịch vụ] Dịch vụ phát hành Vòng tay thanh toán MB Hi Stellar - Mẫu Drama,/-Evoucher-Dịch-vụ-Dịch-vụ-phát-hành-Vòng-tay-thanh-toán-MB-Hi-Stellar-Mẫu-Drama-i.867040476.22861832130?sp_atk=06596893-ffd2-4b47-90e2-252bf33fb9f2&xptdk=06596893-ffd2-4b47-90e2-252bf33fb9f2,396000.0,5,792000.0
TOÀN QUỐC [E-Voucher] Bảo hiểm Vietinbank VBI -Trách Nhiệm Dân Sự bắt buộc Ô tô 4-5 chỗ,/TOÀN-QUỐC-E-Voucher-Bảo-hiểm-Vietinbank-VBI-Trách-Nhiệm-Dân-Sự-bắt-buộc-Ô-tô-4-5-chỗ-i.282370880.3186786846?sp_atk=e19bce8c-e72b-48d1-85e8-49861393cb40&xptdk=e19bce8c-e72b-48d1-85e8-49861393cb40,480700.0,5,9614000.0
